iterations;buffer size;without trace;with trace;overhead ratio;trace time;decode time
1000;2;1.5;6.02731;301.82%;2.30077;5.75495
2000;4;2.82;11.6637;313.61%;3.312373;11.3004
3000;8;4.19;17.1476;309.25%;4.444188;16.8553
4000;8;5.81;23.318;301.34%;5.704065;23.048
5000;8;7.09;28.1702;297.32%;7.121693;27.8433
6000;16;8.51;35.222;313.89%;9.14888;34.4854
7000;16;10.32;40.4296;291.76%;10.610671;40.1369
8000;16;10.76;43.7816;306.89%;11.876925;43.4802
9000;16;12.3;48.4682;294.05%;12.583499;48.1103
10000;16;13.7;53.8202;292.85%;13.460964;53.5534
11000;16;15.1;58.7303;288.94%;15.210064;58.4689
12000;32;16.27;65.3137;301.44%;16.55363;64.9946
13000;32;17.75;71.2908;301.64%;18.758227;70.9136
14000;32;19.01;76.0603;300.11%;19.347394;75.7739
15000;32;21.33;81.7476;283.25%;20.673615;81.3761
16000;32;21.56;85.8942;298.40%;21.971387;85.5782
17000;32;23.29;93.5958;301.87%;24.037385;93.2632
18000;32;24.31;96.3589;296.38%;24.844239;96.0097
19000;32;26.02;103.04;296.00%;26.592849;102.722
20000;32;27.19;106.802;292.80%;27.637519;106.488
21000;32;28.45;110.837;289.59%;28.427862;110.52
22000;32;29.8;117.196;293.28%;30.208925;116.773
23000;32;30.5;122.004;300.01%;30.820964;121.638
24000;64;32.11;131.614;309.88%;32.605523;131.263
25000;64;33.42;135.102;304.25%;34.039045;134.732
26000;64;34.92;140.208;301.51%;35.427903;139.836
27000;64;36.35;147.324;305.29%;36.996893;147.035
28000;64;38.11;148.759;290.34%;37.720506;148.466
29000;64;38.96;155.698;299.64%;39.27149;155.419
30000;64;40.29;160.992;299.58%;41.12444;160.657
31000;64;41.45;167.627;304.41%;41.876352;167.218
32000;64;42.54;170.287;300.30%;42.803081;169.929
33000;64;44.46;177.172;298.50%;45.19791;176.85
34000;64;45.23;179.746;297.40%;45.633286;179.423
35000;64;46.53;187.318;302.57%;47.228438;186.999
36000;64;48.18;193.394;301.40%;48.932367;193.111
37000;64;49.37;197.634;300.31%;50.210122;197.342
38000;64;51.56;204.298;296.23%;51.196954;203.922
39000;64;52.12;211.466;305.73%;52.858999;211.063
40000;64;53.25;211.747;297.65%;53.631573;211.394
41000;64;54.72;217.215;296.96%;55.212496;216.892
42000;64;58.26;221.682;280.50%;56.485065;221.317
43000;64;56.72;230.872;307.04%;57.984631;230.541
44000;64;58.73;234.29;298.93%;59.062364;233.973
45000;64;64.51;238.36;269.49%;60.153569;238.032
46000;64;61.55;243.634;295.83%;62.107382;243.313
47000;64;62.87;246.528;292.12%;63.179544;246.208
48000;128;64.45;259.546;302.71%;64.733294;259.211
49000;128;65.44;266.373;307.05%;65.938086;265.959
50000;128;66.38;269.483;305.97%;67.28162;269.082
51000;128;68.06;274.881;303.88%;68.494445;274.551
52000;128;69.29;279.18;302.92%;70.364487;278.846
53000;128;70.75;287.043;305.71%;71.479564;286.71
54000;128;72.01;290.286;303.12%;72.405776;289.896
55000;128;74.14;297.301;301.00%;74.75187;296.992
56000;128;74.78;303.848;306.32%;75.17225;303.47
57000;128;77.96;307.872;294.91%;76.504397;307.576
58000;128;76.82;310.854;304.65%;77.709733;310.512
59000;128;79.17;314.935;297.80%;79.099579;314.634
60000;128;79.71;324.375;306.94%;80.202914;324.04
61000;128;81.44;323.081;296.71%;81.87798;322.69
62000;128;82.75;330.692;299.63%;82.889626;330.364
63000;128;87.32;339.351;288.63%;85.025939;338.564
64000;128;86.15;347.559;303.43%;85.59918;347.168
65000;128;87.12;349.515;301.19%;87.207059;349.13
66000;128;88.72;351.009;295.64%;88.142965;350.665
67000;128;90.12;357.431;296.62%;89.798284;357.106
68000;128;91.02;364.016;299.93%;91.792419;363.703
69000;128;92.77;372.336;301.35%;92.762513;372.009
70000;128;93.28;377.391;304.58%;95.100339;377.058
71000;128;95.1;384.047;303.83%;95.668101;383.716
72000;128;96.5;388.542;302.63%;96.538388;388.232
73000;128;97.75;387.748;296.67%;97.512749;387.442
74000;128;99.5;391.706;293.67%;99.648228;391.401
75000;128;101.9;424.915;316.99%;108.145315;424.569
76000;128;102.06;407.738;299.51%;101.992244;407.357
77000;128;102.93;409.465;297.81%;102.726419;409.123
78000;128;104.1;423.312;306.64%;105.012464;422.979
79000;128;105.78;421.324;298.30%;107.172344;421.033
80000;128;107.2;424.599;296.08%;107.404175;424.214
81000;128;108.39;435.439;301.73%;109.5082;435.094
82000;128;110.22;441.664;300.71%;110.452855;441.269
83000;128;111.2;459.334;313.07%;111.773121;459.041
84000;128;113.64;451.796;297.57%;113.37139;451.404
85000;128;113.51;463.204;308.07%;114.983103;462.809
86000;128;117.18;462.416;294.62%;116.148648;462.024
87000;128;119;462.45;288.61%;115.572861;462.092
88000;128;117.32;464.894;296.26%;117.33729;464.552
89000;128;119.23;475.213;298.57%;119.941555;474.877
90000;128;125.05;483.831;286.91%;123.402029;483.495
91000;128;124.06;491.89;296.49%;122.139155;491.471
92000;128;124.25;488.952;293.52%;123.512379;488.558
93000;128;124.06;496.431;300.15%;124.779284;496.089
94000;128;125.31;502.864;301.30%;126.191057;502.533
95000;128;127.31;499.144;292.07%;126.427752;498.804
96000;256;127.79;530.007;314.75%;130.44828;529.646
97000;256;129.78;524.181;303.90%;129.709242;523.791
98000;256;130.61;528.514;304.65%;130.10939;528.155
99000;256;131.84;543.761;312.44%;132.452471;543.44
100000;256;136.45;549.54;302.74%;133.941703;549.209
101000;256;135.07;542.801;301.87%;134.518849;542.436
102000;256;136.6;552.587;304.53%;136.324074;552.231
103000;256;137.57;558.769;306.17%;138.030401;558.423
104000;256;138.95;572.17;311.78%;141.344711;571.817
105000;256;143.69;568.683;295.77%;140.65955;568.319
106000;256;141.42;583.813;312.82%;142.501105;583.489
107000;256;143.6;579.317;303.42%;144.00737;578.933
108000;256;143.79;592.085;311.77%;144.838293;591.671
109000;256;145.43;595.124;309.22%;146.351025;594.7
110000;256;148.65;593.336;299.15%;146.596048;593.012
111000;256;148.78;602.541;304.99%;148.900961;602.222
112000;256;149.6;612.073;309.14%;150.490778;611.699
113000;256;153.17;605.671;295.42%;151.571828;604.929
114000;256;152.05;619.057;307.14%;153.754858;618.678
115000;256;155.26;627.979;304.47%;154.734871;627.628
116000;256;155.2;631.802;307.09%;155.264151;631.393
117000;256;155.87;652.435;318.58%;159.119587;652.092
118000;256;160.08;645.791;303.42%;159.111384;645.381
119000;256;162.14;642.034;295.98%;159.580936;641.575
120000;256;160.72;648.704;303.62%;160.629682;648.38
121000;256;164.97;656.323;297.84%;162.181462;655.947
122000;256;163.64;667.084;307.65%;164.890306;666.764
123000;256;164.64;652.875;296.55%;164.537358;652.523
124000;256;168.26;667.275;296.57%;166.411069;666.943
125000;256;169.12;672.079;297.40%;168.843559;671.715
126000;256;172.1;689.856;300.85%;169.922737;689.411
127000;256;171.29;693.328;304.77%;170.971549;692.959
128000;256;178.47;695.968;289.96%;171.122672;695.639
129000;256;172.72;720.164;316.95%;174.426851;719.745
130000;256;173.68;705.066;305.96%;175.003604;704.659
131000;256;177.81;697.454;292.25%;176.484637;697.118
132000;256;176.09;710.808;303.66%;176.561716;710.482
133000;256;176.32;705.788;300.29%;176.984806;705.433
134000;256;180.97;730.284;303.54%;179.51147;729.979
135000;256;182.51;722.997;296.14%;181.604155;722.537
136000;256;181.75;728.525;300.84%;182.099492;728.17
137000;256;186.35;740.429;297.33%;183.750219;740.071
138000;256;184.17;765.435;315.61%;185.643361;765.035
139000;256;185.7;748.31;302.97%;188.494565;747.874
140000;256;187.99;793.685;322.20%;215.5613;770.727
141000;256;187.92;767.076;308.19%;190.921159;766.721
142000;256;191.72;757.676;295.20%;189.908561;757.306
143000;256;190.91;759.368;297.76%;191.148588;759.026
144000;256;193.52;774.366;300.15%;193.228868;773.949
145000;256;192.9;778.44;303.55%;193.537942;778.061
146000;256;195.04;792.123;306.13%;196.10245;791.715
147000;256;197.09;806.89;309.40%;196.478963;806.573
148000;256;198.94;801.896;303.08%;199.244997;801.486
149000;256;199.06;797.265;300.51%;199.720677;796.946
150000;256;200.22;813.192;306.15%;201.753483;812.846
151000;256;202.95;820.098;304.09%;202.504729;819.745
152000;256;203.21;815.543;301.33%;204.76053;815.127
153000;256;204.81;818.657;299.72%;204.924053;818.253
154000;256;207.62;824.492;297.12%;207.619703;824.135
155000;256;206.31;855.698;314.76%;207.177193;855.347
156000;256;208.49;838.833;302.34%;210.443369;838.421
157000;256;208.56;833.132;299.47%;209.359495;832.722
158000;256;209.55;857.459;309.19%;212.454852;857.148
159000;256;212.52;847.034;298.57%;214.81492;846.624
160000;256;214.21;857.855;300.47%;214.822385;857.503
161000;256;214.73;851.607;296.59%;214.631811;851.225
162000;256;216.85;875.805;303.88%;216.048195;875.457
163000;256;220.1;891.704;305.14%;219.345611;891.242
164000;256;219.69;874.146;297.90%;220.087249;873.73
165000;256;220.31;876.66;297.92%;221.013246;876.25
166000;256;221.07;903.915;308.88%;224.570767;903.198
167000;256;225.34;897.957;298.49%;224.201413;897.613
168000;256;226.9;895.735;294.77%;224.55405;895.361
169000;256;225.37;911.335;304.37%;226.212982;911.011
170000;256;226.5;934.908;312.76%;235.092546;934.559
171000;256;232.13;904.886;289.82%;229.313827;904.569
172000;256;229.67;919.155;300.21%;229.084279;918.833
173000;256;231.47;919.481;297.24%;231.042005;919.084
174000;256;234.6;927.162;295.21%;232.958181;926.845
175000;256;234.82;943.125;301.64%;237.27751;942.804
176000;256;234.65;939.475;300.37%;233.665392;939.143
177000;256;235.9;948.427;302.05%;240.37526;948.103
178000;256;238.66;945.644;296.23%;238.260358;945.297
179000;256;241.68;956.873;295.93%;241.851635;956.552
180000;256;240.08;984.669;310.14%;246.024953;984.319
181000;256;241.44;982.187;306.80%;246.858943;981.778
182000;256;244.6;974.028;298.21%;243.507423;973.615
183000;256;246.26;985.773;300.30%;247.170134;985.32
184000;256;245.84;986.031;301.09%;245.598159;985.663
185000;256;246.81;1008.36;308.56%;253.830625;1008.04
186000;256;248.04;1033.29;316.58%;256.523955;1032.88
187000;256;250.43;1018.61;306.74%;257.060011;1018.28
188000;256;250.45;1001.41;299.84%;251.7297;1001.04
189000;256;251.96;1027.99;308.00%;255.979437;1027.65
190000;512;254.83;1073.24;321.16%;264.698707;1072.83
191000;512;255.07;1078.93;322.99%;265.723253;1078.57
192000;512;256.06;1063.76;315.43%;258.659128;1063.36
193000;512;267.78;1057.16;294.79%;259.696806;1056.74
194000;512;260.57;1057.68;305.91%;258.720013;1057.31
195000;512;259.93;1086.67;318.06%;265.003301;1086.22
196000;512;263.9;1074.46;307.15%;264.109887;1074.06
197000;512;261.95;1101.12;320.36%;268.052854;1100.69
198000;512;264.14;1083.69;310.27%;265.644987;1083.2
199000;512;265.8;1078.29;305.68%;266.981876;1077.89
200000;512;267.6;1093.99;308.82%;268.292412;1093.61
201000;512;269.61;1111.3;312.19%;273.912925;1110.84
202000;512;269.31;1110.87;312.49%;274.380547;1110.36
203000;512;270.9;1134.87;318.93%;271.749571;1134.46
204000;512;272.46;1121.06;311.46%;274.732673;1120.61
205000;512;273.79;1115.37;307.38%;274.612751;1114.99
206000;512;274.1;1117.88;307.84%;274.989024;1117.51
207000;512;276.78;1170.26;322.81%;280.168932;1169.89
208000;512;277.78;1127.12;305.76%;279.323612;1126.72
209000;512;280.02;1133.16;304.67%;282.177366;1132.79
210000;512;279.93;1133.8;305.03%;281.076335;1133.33
211000;512;285.33;1183.01;314.61%;291.906137;1182.51
212000;512;282.67;1158.93;309.99%;285.650504;1158.53
213000;512;290.64;1227.65;322.40%;304.381041;1227.2
214000;512;284.54;1202.73;322.69%;290.19256;1202.33
215000;512;287.28;1152.02;301.01%;288.669839;1151.66
216000;512;289.56;1190.64;311.19%;291.140955;1190.19
217000;512;289.84;1197.6;313.19%;291.073791;1197.21
218000;512;290;1200.75;314.05%;291.887568;1200.28
219000;512;292.27;1191.47;307.66%;293.639521;1191.05
220000;512;293.01;1183.34;303.86%;293.730155;1182.95
221000;512;295.09;1210.71;310.28%;298.582731;1210.31
222000;512;297.13;1210.33;307.34%;302.465909;1209.86
223000;512;298.56;1225.47;310.46%;302.427001;1225.08
224000;512;299.97;1225.22;308.45%;302.627243;1224.82
225000;512;299.82;1235.09;311.94%;304.555071;1234.64
226000;512;300.84;1226.21;307.60%;302.541628;1225.84
227000;512;304.34;1218.24;300.29%;307.046241;1217.8
228000;512;303.34;1267.78;317.94%;317.393679;1267.37
229000;512;306.56;1289.81;320.74%;318.815172;1289.45
230000;512;308.26;1280.67;315.45%;319.04152;1280.3
231000;512;310.26;1236.91;298.67%;311.282286;1236.46
232000;512;307.66;1260.69;309.77%;310.616234;1260.29
233000;512;311.81;1266.48;306.17%;318.001594;1266
234000;512;311.33;1264.51;306.16%;315.992048;1264.12
235000;512;315.74;1269.11;301.95%;319.788479;1268.7
236000;512;317.56;1296.13;308.15%;326.796798;1295.74
237000;512;315.84;1282.24;305.98%;318.160704;1281.83
238000;512;316.15;1340.54;324.02%;329.039295;1340.17
239000;512;320.66;1284.59;300.61%;320.664606;1284.19
240000;512;319.54;1294.12;304.99%;321.385779;1293.74
241000;512;321.6;1330.66;313.76%;328.176059;1330.26
242000;512;326.97;1313.07;301.59%;333.353599;1312.63
243000;512;324.12;1341.15;313.78%;330.816875;1340.76
244000;512;324.87;1317.27;305.48%;326.92303;1316.87
245000;512;327.07;1345.08;311.25%;336.587452;1344.67
246000;512;326.88;1308.82;300.40%;329.573951;1308.38
247000;512;327.77;1340.23;308.89%;330.197536;1339.77
248000;512;330.68;1339.23;304.99%;333.300004;1338.82
249000;512;332.52;1367.26;311.18%;342.025447;1366.87
250000;512;332.57;1360.07;308.96%;339.155438;1359.7
251000;512;336.6;1387.13;312.10%;344.67806;1386.76
252000;512;335.87;1407.48;319.05%;345.830788;1407.09
253000;512;337.46;1388.92;311.58%;346.878526;1388.52
254000;512;337.92;1374.94;306.88%;347.201107;1374.55
255000;512;339.99;1394.4;310.13%;344.423503;1394.01
256000;512;343.64;1394.47;305.79%;349.340092;1394.03
257000;512;345.5;1398.29;304.71%;349.60492;1397.88
258000;512;343.82;1402.96;308.05%;350.683453;1402.6
259000;512;344.2;1414.01;310.81%;356.434893;1413.63
260000;512;346.37;1415.19;308.58%;359.695851;1414.8
261000;512;347.48;1413.97;306.92%;357.024554;1413.57
262000;512;346.64;1428.12;311.99%;350.689835;1427.75
263000;512;351.18;1441.84;310.57%;360.210515;1441.39
264000;512;352.32;1476.65;319.12%;363.976148;1476.27
265000;512;353.41;1418.41;301.35%;358.342793;1418.04
266000;512;353.63;1428.62;303.99%;356.705357;1428.26
267000;512;358.13;1442.68;302.84%;362.952355;1442.24
268000;512;355.74;1480.14;316.07%;372.80102;1479.74
269000;512;355.26;1486.33;318.38%;372.298279;1485.93
270000;512;357.78;1449.36;305.10%;366.865734;1448.97
271000;512;359.94;1453.56;303.83%;366.341166;1453.15
272000;512;360.61;1496.75;315.06%;369.07893;1496.36
273000;512;363.96;1496.65;311.21%;373.806253;1496.25
274000;512;362.48;1504.6;315.08%;381.41242;1504.21
275000;512;365.43;1474.06;303.38%;374.846909;1473.65
276000;512;367.82;1510.45;310.65%;374.865517;1510.03
277000;512;367.88;1536.81;317.75%;384.617924;1536.41
278000;512;370.9;1541.86;315.71%;385.715047;1541.4
279000;512;372.32;1547.54;315.65%;386.290635;1547.15
280000;512;376.36;1487.12;295.13%;376.452904;1486.76
281000;512;374.37;1563.25;317.57%;391.215617;1562.76
282000;512;373.93;1514.24;304.95%;380.098328;1513.73
283000;512;375.48;1510.87;302.38%;383.776242;1510.48
284000;512;378.73;1509.1;298.46%;380.809002;1508.7
285000;512;383.24;1539.49;301.70%;387.354943;1539.08
286000;512;379.25;1517.71;300.19%;387.699228;1517.31
287000;512;386.15;1559.26;303.80%;391.897376;1558.89
288000;512;384.7;1578.16;310.23%;400.688023;1577.76
289000;512;385.33;1562.01;305.37%;394.571668;1561.58
290000;512;387.3;1560.01;302.79%;395.83387;1559.63
291000;512;387.49;1585.1;309.07%;403.205503;1584.71
292000;512;386.72;1616.39;317.97%;396.900405;1616.01
293000;512;390;1552.31;298.03%;399.873362;1551.49
294000;512;389.21;1556.31;299.86%;396.609343;1555.91
295000;512;393.82;1630.33;313.98%;404.205284;1629.96
296000;512;391.28;1567.83;300.69%;398.614891;1567.44
297000;512;393.63;1604.72;307.67%;403.383128;1604.32
298000;512;393.97;1612.4;309.27%;408.963764;1612.03
299000;512;399.59;1599.9;300.39%;407.613609;1599.5
300000;512;398.71;1607.76;303.24%;413.969815;1607.41
301000;512;397.32;1647.1;314.55%;415.208796;1646.42
302000;512;405.27;1661.17;309.89%;428.865496;1660.6
303000;512;402.06;1619.38;302.77%;411.697344;1618.98
304000;512;402.96;1672.81;315.13%;408.461493;1672.37
305000;512;405.22;1652;307.68%;415.17871;1651.15
306000;512;404.82;1647.8;307.05%;419.37208;1647.4
307000;512;409.92;1657.61;304.37%;422.042858;1657.2
308000;512;407.46;1650.28;305.02%;417.202387;1649.81
309000;512;410.24;1672.23;307.62%;424.351325;1671.86
310000;512;413.21;1725.75;317.64%;422.339515;1725.28
311000;512;424.87;1728.29;306.78%;435.514295;1727.86
312000;512;412.58;1712.08;314.97%;437.495369;1711.62
313000;512;414.13;1709.58;312.81%;430.143082;1709.19
314000;512;416.43;1722.96;313.75%;429.022222;1722.57
315000;512;417.91;1688.06;303.93%;432.058994;1687.65
316000;512;423.28;1718.19;305.92%;435.497278;1717.78
317000;512;420.04;1732.92;312.56%;444.064681;1732.51
318000;512;420.41;1753.27;317.04%;439.309284;1752.87
319000;512;427.06;1732.72;305.73%;444.10825;1732.33
320000;512;424.14;1710.47;303.28%;438.007611;1710.04
321000;512;425.53;1708.78;301.57%;439.483667;1708.39
322000;512;426.7;1780.51;317.27%;443.407226;1780.05
323000;512;426.93;1748.31;309.51%;441.377324;1747.93
324000;512;427.43;1761.63;312.14%;450.261049;1761.25
325000;512;435.03;1761.66;304.95%;446.261496;1761.27
326000;512;431.32;1777.76;312.17%;447.942988;1777.33
327000;512;432.84;1769.91;308.91%;452.490462;1769.52
328000;512;433.68;1752.41;304.08%;441.461115;1751.99
329000;512;441.04;1775.9;302.66%;458.262789;1775.46
330000;512;435.96;1780.65;308.44%;456.288733;1780.27
331000;512;437.73;1771.23;304.64%;451.587865;1770.87
332000;512;439.29;1782.56;305.78%;459.099666;1782.16
333000;512;440.15;1803.96;309.85%;453.228012;1803.6
334000;512;442.32;1791.71;305.07%;463.54195;1791.32
335000;512;444.93;1856.63;317.29%;483.487875;1856.26
336000;512;447.58;1794.41;300.91%;462.103682;1793.99
337000;512;444.46;1832.7;312.34%;468.941237;1832.34
338000;512;451.54;1822.45;303.61%;462.705067;1822.09
339000;512;454.18;1839.19;304.95%;479.271254;1838.8
340000;512;451.33;1809.7;300.97%;463.631157;1809.27
341000;512;450.7;1814.29;302.55%;464.89249;1813.85
342000;512;454.56;1830.22;302.64%;469.543859;1829.78
343000;512;454.54;1821.27;300.68%;470.155661;1820.87
344000;512;454.82;1855.71;308.01%;468.82985;1855.23
345000;512;455.32;1871.34;310.99%;478.324481;1870.97
346000;512;457.56;1874.61;309.70%;470.599562;1874.23
347000;512;460.74;1842.69;299.94%;474.146307;1842.3
348000;512;460.04;1922.48;317.89%;487.217519;1922.03
349000;512;461.02;1903.51;312.89%;480.669136;1903.06
350000;512;466.57;1918.11;311.11%;491.149766;1917.72
351000;512;465.45;1888.18;305.67%;484.693914;1887.82
352000;512;465.3;1892.46;306.72%;483.918353;1892.09
353000;512;466.92;1907.77;308.59%;486.594118;1907.37
354000;512;467.66;1921.41;310.86%;491.019302;1920.97
355000;512;469.75;1925.77;309.96%;479.166551;1925.32
356000;512;473.2;1913.74;304.43%;485.55365;1913.04
357000;512;473.6;1909.08;303.10%;493.533487;1908.69
358000;512;472.02;1906.81;303.97%;491.501702;1906
359000;512;477.74;1902.51;298.23%;491.295542;1902.15
360000;512;478.45;1909.21;299.04%;491.734545;1908.68
361000;512;482.65;1918.79;297.55%;492.42165;1918.33
362000;512;479.6;1934.39;303.33%;492.178331;1933.9
363000;512;483.82;1958.78;304.86%;511.972953;1958.33
364000;512;484.23;1945.29;301.73%;498.968094;1944.92
365000;512;484.22;1962.64;305.32%;501.243061;1962.27
366000;512;482.48;1935.09;301.07%;495.773717;1934.63
367000;512;490.81;1903.28;287.78%;495.672909;1902.88
368000;512;488.7;1968.33;302.77%;505.258795;1967.88
369000;512;489.11;1953.95;299.49%;502.847268;1953.43
370000;512;489.75;1967.66;301.77%;504.142403;1967.08
371000;512;493.74;1931.03;291.10%;502.146107;1930.66
372000;512;492.22;1983.37;302.94%;511.235435;1982.98
373000;512;504.63;1966.42;289.68%;509.47456;1965.91
374000;512;495.32;1994.94;302.76%;509.797263;1994.53
375000;512;496.79;2008.69;304.33%;506.036389;2008.25
376000;512;498.57;2008.53;302.86%;510.963084;2008.07
377000;512;500.61;1984.27;296.37%;513.252061;1983.76
378000;512;500.74;2003.79;300.17%;515.593694;2003.31
379000;512;499.33;2047.54;310.06%;530.517391;2047.1
380000;1024;505.37;2130.17;321.51%;532.592584;2129.61
381000;1024;504.12;2093.81;315.34%;525.762752;2093.33
382000;1024;507.2;2073.57;308.83%;520.194524;2073.05
383000;1024;506.15;2077.76;310.50%;528.294757;2077.3
384000;1024;513.16;2104.52;310.11%;531.999218;2104.05
385000;1024;509.45;2061.19;304.59%;521.901129;2060.68
386000;1024;512.86;2082.1;305.98%;534.384557;2081.61
387000;1024;514.58;2100.16;308.13%;525.150717;2099.67
388000;1024;519.19;2094.67;303.45%;531.143064;2094.19
389000;1024;516.72;2087.8;304.05%;530.760158;2087.25
390000;1024;524.33;2092.32;299.05%;528.061426;2091.81
391000;1024;518.29;2124.39;309.88%;535.679162;2123.9
392000;1024;517.58;2162.19;317.75%;544.812662;2161.65
393000;1024;520.14;2130.65;309.63%;531.861591;2130.13
394000;1024;522.98;2129.3;307.15%;535.920578;2128.66
395000;1024;527.5;2155.73;308.67%;546.295013;2155.13
396000;1024;524.24;2146.49;309.45%;542.036709;2146.03
397000;1024;524.09;2158.77;311.91%;540.36072;2158.25
398000;1024;527.2;2149.27;307.68%;537.553333;2148.78
399000;1024;531.03;2172.36;309.08%;542.703119;2171.88
400000;1024;527.32;2202.82;317.74%;542.924052;2201.91
401000;1024;533.49;2185.06;309.58%;546.176569;2184.52
402000;1024;533.93;2197.35;311.54%;544.718474;2196.74
403000;1024;533.84;2184.61;309.23%;549.045465;2184.06
404000;1024;539.35;2201.05;308.09%;554.426875;2200.59
405000;1024;538.07;2274.28;322.67%;558.996812;2273.72
406000;1024;539.95;2232.78;313.52%;571.52998;2232.34
407000;1024;543.18;2214.69;307.73%;563.125596;2214.11
408000;1024;545.14;2210;305.40%;555.619443;2209.48
409000;1024;547.99;2223.27;305.71%;562.743954;2222.81
410000;1024;546.95;2250.27;311.42%;569.313064;2249.81
411000;1024;548.06;2231.79;307.22%;568.000425;2231.21
412000;1024;549.09;2179.39;296.91%;559.119039;2178.8
413000;1024;546.29;2212.3;304.97%;563.629081;2211.75
414000;1024;550.75;2307.03;318.89%;570.289457;2306.53
415000;1024;553.52;2203.25;298.04%;561.780255;2202.77
416000;1024;554.56;2328.18;319.82%;584.100972;2327.74
417000;1024;554.8;2264;308.07%;575.004517;2263.07
418000;1024;557.33;2277.51;308.65%;582.795372;2276.97
419000;1024;558.24;2282.53;308.88%;574.289986;2281.97
420000;1024;557.96;2313.96;314.72%;583.543463;2313.47
421000;1024;563.71;2292.56;306.69%;589.419727;2291.98
422000;1024;564.38;2315.87;310.34%;584.299327;2315.43
423000;1024;563.22;2333.11;314.24%;596.992429;2332.63
424000;1024;564.39;2375.31;320.86%;598.98281;2374.82
425000;1024;564.08;2330.8;313.20%;592.405684;2330.33
426000;1024;567.34;2337.73;312.05%;586.281115;2337.27
427000;1024;573.31;2322.35;305.08%;586.761149;2321.9
428000;1024;568.66;2340.26;311.54%;586.046122;2339.61
429000;1024;571.68;2283.35;299.41%;578.917185;2282.89
430000;1024;570.16;2379.04;317.26%;597.496586;2378.45
431000;1024;577.56;2329.91;303.41%;592.798659;2329.41
432000;1024;585.32;2338.07;299.45%;586.228247;2337.43
433000;1024;574.36;2404.68;318.67%;600.818769;2404.21
434000;1024;576.29;2318.84;302.37%;589.17717;2318.25
435000;1024;580.09;2422.71;317.64%;611.85686;2422.23
436000;1024;579.83;2413.8;316.29%;604.633429;2413.34
437000;1024;585.03;2362.51;303.83%;599.109552;2362.01
438000;1024;584.28;2401.53;311.02%;599.336179;2400.97
439000;1024;583.81;2376.97;307.15%;601.14604;2376.37
440000;1024;583.27;2375.18;307.22%;603.810601;2374.66
441000;1024;584.91;2427.26;314.98%;615.199554;2426.63
442000;1024;590.17;2406.98;307.85%;610.634154;2406.38
443000;1024;586.27;2370.95;304.41%;602.072098;2370.45
444000;1024;591.1;2393.3;304.89%;606.000026;2392.4
445000;1024;587.76;2395.06;307.49%;615.769703;2394.57
446000;1024;589.66;2483.41;321.16%;621.417181;2482.97
447000;1024;594.22;2406.23;304.94%;615.930234;2405.68
448000;1024;597.19;2388.98;300.04%;606.254361;2388.45
449000;1024;598.2;2376.89;297.34%;615.00273;2376.35
450000;1024;604.54;2384.92;294.50%;612.929436;2384.39
451000;1024;598.91;2446.87;308.55%;609.815533;2446.31
452000;1024;600.29;2454.86;308.95%;624.216943;2454.35
453000;1024;602.63;2470.78;310.00%;629.712001;2470.3
454000;1024;605.41;2465.75;307.29%;637.516545;2465.22
455000;1024;609.18;2470.49;305.54%;626.631552;2469.91
456000;1024;607.05;2473.08;307.39%;629.902028;2472.58
457000;1024;605.69;2445.39;303.74%;618.145363;2444.88
458000;1024;607.74;2518.87;314.47%;645.141116;2518.27
459000;1024;609.15;2467.29;305.04%;625.71768;2466.82
460000;1024;610.8;2464.65;303.51%;623.853586;2464.12
461000;1024;613.07;2480.9;304.67%;633.197388;2480.36
462000;1024;616.41;2562.36;315.69%;629.230124;2561.85
463000;1024;618.39;2490.62;302.76%;639.34603;2489.94
464000;1024;615.13;2498.87;306.23%;635.488052;2498.3
465000;1024;621.46;2531.11;307.28%;637.362519;2530.58
466000;1024;623.61;2481.24;297.88%;636.484947;2480.66
467000;1024;619.97;2481.63;300.28%;633.5996;2481.04
468000;1024;623.75;2530.21;305.64%;640.67654;2529.68
469000;1024;623.85;2526.18;304.93%;655.803168;2525.68
470000;1024;627.96;2552.27;306.44%;653.914762;2551.7
471000;1024;625.47;2575.69;311.80%;648.111896;2575.18
472000;1024;636.25;2576.94;305.02%;649.780951;2576.29
473000;1024;630.48;2591.8;311.08%;650.71781;2591.31
474000;1024;631.94;2592.11;310.18%;653.60937;2591.55
475000;1024;630.04;2630.17;317.46%;671.0832;2629.66
476000;1024;634.66;2565.4;304.22%;645.379324;2564.92
477000;1024;635.14;2657.02;318.34%;660.680824;2656.48
478000;1024;649.89;2612.28;301.96%;664.791733;2611.59
479000;1024;636.88;2638.02;314.21%;675.033722;2637.55
480000;1024;640.38;2578.62;302.67%;655.211016;2578.15
481000;1024;637.43;2616.28;310.44%;676.187897;2615.81
482000;1024;644.81;2656.05;311.91%;664.391031;2655.53
483000;1024;642.44;2581.05;301.76%;658.28572;2580.41
484000;1024;641.9;2689.86;319.05%;684.596773;2689.2
485000;1024;645.2;2664.17;312.92%;683.410281;2663.7
486000;1024;643.97;2581.73;300.91%;662.078355;2581.21
487000;1024;652.89;2705.7;314.42%;687.078924;2705.24
488000;1024;652.25;2673.41;309.88%;669.590607;2672.85
489000;1024;649.3;2583.54;297.90%;670.517221;2583.04
490000;1024;652.97;2614.15;300.35%;671.410703;2613.56
491000;1024;653.53;2623.68;301.46%;667.502818;2623.2
492000;1024;652.32;2685.27;311.65%;679.900819;2684.82
493000;1024;655.02;2747.63;319.47%;693.213873;2747.17
494000;1024;661.11;2718.29;311.17%;693.743067;2717.79
495000;1024;660.1;2632.2;298.76%;672.303144;2631.73
496000;1024;659.64;2633.32;299.21%;680.267217;2632.73
497000;1024;663.7;2739.76;312.80%;698.936105;2739.29
498000;1024;659.41;2660.6;303.48%;681.620427;2660.02
499000;1024;665.05;2625.53;294.79%;678.86562;2625.04
500000;1024;667.57;2722.13;307.77%;694.275815;2721.55
501000;1024;665.86;2742.66;311.90%;698.203973;2742.14
502000;1024;671.99;2692.87;300.73%;679.24452;2692.03
503000;1024;667.87;2708.98;305.61%;687.88377;2708.47
504000;1024;674.65;2778.02;311.77%;706.033731;2777.55
505000;1024;684.06;2732.71;299.48%;696.017644;2731.83
506000;1024;671.47;2740.07;308.07%;702.083759;2739.5
507000;1024;673.2;2715.74;303.41%;697.870418;2715.18
508000;1024;675.16;2713.21;301.86%;699.706047;2712.67
509000;1024;679.1;2703.4;298.09%;697.179026;2702.94
510000;1024;682.25;2692.95;294.72%;693.343053;2692.48
511000;1024;678.45;2671.95;293.83%;688.946548;2671.43
512000;1024;683.21;2799.4;309.74%;708.545588;2798.93
513000;1024;683.15;2760;304.01%;696.694636;2759.32
514000;1024;685.97;2803.83;308.74%;708.123783;2803.24
515000;1024;690.59;2753.29;298.69%;700.978004;2752.82
516000;1024;683.91;2752.91;302.53%;700.244837;2752.39
517000;1024;689.65;2761.37;300.40%;703.938043;2760.9
518000;1024;692.33;2798.83;304.26%;703.049124;2798.32
519000;1024;692.75;2753.78;297.51%;708.311049;2753.3
520000;1024;690.78;2788.49;303.67%;707.79691;2788
521000;1024;695.49;2773.65;298.81%;703.893986;2773.01
522000;1024;697.19;2786.07;299.61%;716.704385;2785.63
523000;1024;699.73;2792.94;299.15%;706.140417;2792.44
524000;1024;699.78;2875.17;310.87%;725.410246;2874.57
525000;1024;699.85;2874.67;310.76%;729.485164;2874.08
526000;1024;702.7;2904.08;313.27%;741.559188;2903.26
527000;1024;697.24;2846.88;308.31%;732.651002;2846.32
528000;1024;701.78;2915.5;315.44%;732.740336;2915.04
529000;1024;713.14;2764.78;287.69%;712.441288;2764.13
530000;1024;705.94;2875.46;307.32%;718.514744;2874.91
531000;1024;709.37;2934.91;313.73%;741.495667;2934.26
532000;1024;707.18;2884.56;307.90%;724.265157;2884.07
533000;1024;714.62;2832.86;296.41%;732.741327;2832.33
534000;1024;719.28;2867.01;298.59%;727.076967;2866.51
535000;1024;710.06;2867.85;303.89%;733.939863;2867.4
536000;1024;712.31;2895.67;306.52%;727.059163;2895.15
537000;1024;713.83;2832.4;296.79%;739.603446;2831.85
538000;1024;716.57;2829.01;294.80%;729.646988;2828.51
539000;1024;716.68;2859.49;298.99%;740.218129;2859.04
540000;1024;722.96;2915.52;303.28%;748.679052;2914.96
541000;1024;718.86;2881.49;300.84%;743.957287;2880.93
542000;1024;722.37;2855.99;295.36%;730.57529;2855.36
543000;1024;726.85;2886.97;297.19%;742.454803;2886.47
544000;1024;725.11;2952.8;307.22%;734.935119;2952.22
545000;1024;727.19;2892.54;297.77%;741.713005;2892.08
546000;1024;728.26;2886.94;296.42%;743.707058;2886.28
547000;1024;727.89;2913.65;300.29%;744.99824;2913.16
548000;1024;732.22;2870.15;291.98%;744.258458;2869.67
549000;1024;729.82;2914.2;299.30%;740.632393;2913.73
550000;1024;731.75;2988.23;308.37%;757.356552;2987.65
551000;1024;734.02;2953.53;302.38%;745.120475;2953.02
552000;1024;733.63;2951.89;302.37%;758.43627;2951.39
553000;1024;733.63;2984.14;306.76%;769.839585;2983.63
554000;1024;737.03;2902.43;293.80%;746.639429;2901.88
555000;1024;749.08;2924.29;290.38%;747.958248;2923.76
556000;1024;740.96;3029.81;308.90%;767.243071;3029.35
557000;1024;742.84;2989.39;302.43%;752.767106;2988.88
558000;1024;742.7;2924.92;293.82%;755.579289;2924.47
559000;1024;745.89;2952.75;295.87%;758.212585;2952.3
560000;1024;764.17;2918.29;281.89%;757.778885;2917.78
561000;1024;746.8;3015.57;303.80%;762.145799;3014.98
562000;1024;748.47;2977.77;297.85%;756.030145;2977.28
563000;1024;749.44;2989.38;298.88%;760.90854;2988.88
564000;1024;750.45;2992.81;298.80%;764.232631;2992.28
565000;1024;754.73;3100.32;310.79%;796.547103;3099.86
566000;1024;756.6;3066.96;305.36%;780.838499;3066.41
567000;1024;752.71;3092.95;310.91%;783.071524;3092.36
568000;1024;762.95;3070.99;302.52%;785.325678;3070.51
569000;1024;758.83;3115.67;310.59%;788.289881;3115.2
570000;1024;759.01;3032.21;299.50%;782.978907;3031.71
571000;1024;759.62;3112.03;309.68%;766.758838;3111.55
572000;1024;765.56;3080.76;302.42%;772.236763;3079.77
573000;1024;768.3;3215.65;318.54%;790.033077;3215.11
574000;1024;764.62;3077.98;302.55%;778.28936;3077.47
575000;1024;765.29;3090.86;303.88%;784.732431;3090.2
576000;1024;766.08;3092.32;303.65%;797.976238;3091.82
577000;1024;768.33;3075.63;300.30%;783.889582;3075.1
578000;1024;765.01;3077.12;302.23%;779.921172;3076.62
579000;1024;769.75;3123.17;305.74%;793.330713;3122.69
580000;1024;771.78;3041.3;294.06%;786.533095;3040.79
581000;1024;772.85;3040.79;293.45%;784.118855;3040.34
582000;1024;778.96;3151.29;304.55%;794.806234;3150.78
583000;1024;777.84;3082.76;296.32%;790.229836;3082.26
584000;1024;775.99;3140.02;304.65%;799.252798;3139.41
585000;1024;779.1;3125.41;301.16%;802.477518;3124.88
586000;1024;782.44;3162.64;304.20%;808.821694;3162.19
587000;1024;785.97;3129.69;298.19%;814.919111;3129.15
588000;1024;781.04;3136.47;301.58%;802.389619;3135.96
589000;1024;785.23;3107.39;295.73%;795.33363;3106.89
590000;1024;782.03;3183.82;307.12%;818.496041;3183.27
591000;1024;787.66;3073;290.14%;796.866743;3072.53
592000;1024;789.96;3124.88;295.57%;800.908032;3124.4
593000;1024;795.75;3320.29;317.25%;828.978597;3319.8
594000;1024;791.5;3150.3;298.02%;802.91713;3149.71
595000;1024;793.96;3202.67;303.38%;806.192193;3202.09
596000;1024;794.53;3125.7;293.40%;802.009997;3125.23
597000;1024;796.26;3185.04;300.00%;810.116637;3184.56
598000;1024;795.27;3111.96;291.31%;813.143828;3111.45
599000;1024;799.07;3145.98;293.71%;810.911277;3145.44
600000;1024;799.77;3199.98;300.11%;809.603537;3199.43
601000;1024;808.45;3217.24;297.95%;835.803596;3216.75
602000;1024;806.89;3179.45;294.04%;822.223922;3178.88
603000;1024;809.46;3202.04;295.58%;829.743958;3201.53
604000;1024;803.18;3218.83;300.76%;822.812569;3218.3
605000;1024;804.76;3288.03;308.57%;833.505047;3287.53
606000;1024;808.49;3230.59;299.58%;812.698254;3230.02
607000;1024;809.96;3237.83;299.75%;836.859244;3237.05
608000;1024;808.02;3226.1;299.26%;825.361522;3225.55
609000;1024;810.72;3186.36;293.03%;821.70055;3185.77
610000;1024;810.49;3244.29;300.29%;828.922692;3243.73
611000;1024;815.62;3291.02;303.50%;840.106082;3290.41
612000;1024;813.64;3317.78;307.77%;856.572968;3317.3
613000;1024;822.29;3309.55;302.48%;851.760607;3309.08
614000;1024;815.69;3279.27;302.02%;849.44906;3278.77
615000;1024;822.68;3264.69;296.84%;830.381721;3264.11
616000;1024;820.12;3334.85;306.63%;837.221034;3334.28
617000;1024;821.32;3264.79;297.51%;839.434693;3264.24
618000;1024;822.74;3270.33;297.49%;836.810074;3269.84
619000;1024;827.39;3374.47;307.85%;846.918414;3373.95
620000;1024;823.74;3242.71;293.66%;837.566732;3242.25
621000;1024;828.95;3293.25;297.28%;837.744926;3292.77
622000;1024;828.9;3301.4;298.29%;838.357884;3300.51
623000;1024;830.51;3317.99;299.51%;838.805611;3317.45
624000;1024;834.14;3389.03;306.29%;862.29291;3388.12
625000;1024;835.28;3331.82;298.89%;854.284064;3331.22
626000;1024;834.99;3349.2;301.11%;850.683909;3348.66
627000;1024;835.46;3311.91;296.42%;856.156466;3311.32
628000;1024;837.39;3380.92;303.74%;858.032684;3380.39
629000;1024;834.67;3294.18;294.67%;843.672255;3293.63
630000;1024;839.15;3466.97;313.15%;885.026605;3466.46
631000;1024;837.98;3307.84;294.74%;852.530538;3306.86
632000;1024;845.92;3436.65;306.26%;889.686012;3436.15
633000;1024;841.5;3388.46;302.67%;865.925005;3387.95
634000;1024;854.23;3397.93;297.78%;867.521156;3397.48
635000;1024;845.81;3388.75;300.65%;866.422602;3388.26
636000;1024;847.46;3393.69;300.45%;869.940853;3393.04
637000;1024;848.77;3400.58;300.65%;878.420044;3400.07
638000;1024;850.84;3389.52;298.37%;879.489418;3388.96
639000;1024;853.01;3377.79;295.98%;859.290493;3377.26
640000;1024;853.85;3341.8;291.38%;865.900424;3341.34
641000;1024;854.87;3344.43;291.22%;864.750609;3343.92
642000;1024;853.76;3483.16;307.98%;902.465692;3482.57
643000;1024;855.89;3484.12;307.08%;884.131487;3483.62
644000;1024;859.18;3480.18;305.06%;885.059508;3479.66
645000;1024;856.84;3490.79;307.40%;906.635071;3490.24
646000;1024;863.71;3369.97;290.17%;863.697171;3369.38
647000;1024;864.49;3419.53;295.55%;876.181459;3419.06
648000;1024;863.14;3429.55;297.33%;877.966985;3429.04
649000;1024;861.45;3386.42;293.11%;867.264735;3385.97
650000;1024;867;3496.2;303.25%;890.922087;3495.64
651000;1024;868.13;3448;297.18%;878.736366;3447.51
652000;1024;867.57;3465.35;299.43%;873.282111;3464.76
653000;1024;868.6;3444.65;296.57%;882.874823;3444.12
654000;1024;873.31;3507.16;301.59%;908.625179;3506.61
655000;1024;879;3495.73;297.69%;893.210991;3495.1
656000;1024;874.71;3513.79;301.71%;897.020082;3513.31
657000;1024;875.71;3512;301.05%;888.907058;3511.48
658000;1024;876.89;3567.66;306.85%;902.842494;3567.1
659000;1024;876.14;3564.55;306.85%;923.980257;3564.04
660000;1024;880.25;3532.68;301.33%;899.70461;3532.09
661000;1024;893.04;3613.1;304.58%;925.791172;3612.56
662000;1024;888.16;3621.43;307.75%;913.916825;3620.96
663000;1024;883.67;3521.53;298.51%;904.437865;3521.05
664000;1024;886.85;3502.39;294.92%;901.883051;3501.94
665000;1024;888.87;3502.72;294.06%;900.722592;3502.2
666000;1024;885.78;3574.88;303.59%;921.560853;3524.29
667000;1024;890.17;3534.15;297.02%;901.35934;3533.69
668000;1024;890.49;3528.18;296.21%;900.616126;3527.65
669000;1024;890.74;3525.16;295.76%;901.18146;3524.65
670000;1024;891.24;3563.04;299.78%;908.668141;3562.41
671000;1024;891.81;3681.3;312.79%;917.267196;3680.82
672000;1024;895.25;3603.49;302.51%;902.727489;3602.92
673000;1024;898.69;3604.2;301.05%;929.169173;3603.68
674000;1024;909.76;3579.28;293.43%;917.852903;3578.72
675000;1024;898.32;3573.9;297.84%;922.505417;3573.32
676000;1024;904.46;3596.76;297.67%;935.236806;3596.25
677000;1024;906.46;3625.11;299.92%;935.337006;3624.62
678000;1024;902.15;3605.09;299.61%;925.28865;3604.57
679000;1024;903.76;3586.68;296.86%;923.561592;3586.22
680000;1024;908.61;3598.14;296.00%;918.03657;3597.68
681000;1024;909.68;3667.1;303.12%;922.307287;3666.54
682000;1024;910.17;3541.17;289.07%;916.49106;3540.7
683000;1024;909.28;3554.32;290.89%;917.414316;3553.83
684000;1024;914.7;3638.77;297.81%;924.743641;3638.2
685000;1024;909.53;3638.28;300.02%;922.892968;3637.73
686000;1024;916.66;3716.06;305.39%;946.694177;3715.21
687000;1024;921.73;3656.55;296.71%;951.210018;3656.09
688000;1024;916.8;3639.28;296.95%;946.188942;3638.71
689000;1024;919.83;3715.38;303.92%;951.615647;3714.88
690000;1024;915.5;3737;308.19%;946.025355;3736.54
691000;1024;925.95;3688.01;298.29%;942.25758;3687.51
692000;1024;925.69;3747.77;304.86%;983.3647;3708.53
693000;1024;920.06;3683.33;300.34%;936.289015;3682.79
694000;1024;927.26;3743.26;303.69%;960.514779;3742.78
695000;1024;925.26;3735.11;303.68%;966.875245;3734.49
696000;1024;924.21;3688.78;299.13%;947.97736;3688.26
697000;1024;929.43;3674.82;295.38%;942.21597;3674.29
698000;1024;931.01;3751.23;302.92%;959.039723;3750.62
699000;1024;931.63;3686.85;295.74%;943.731181;3686.38
700000;1024;938.58;3806.88;305.60%;960.227374;3806.37
701000;1024;932.9;3852.63;312.97%;951.542624;3852.17
702000;1024;932.84;3698.21;296.45%;948.0181;3697.64
703000;1024;935.63;3635.35;288.55%;949.325353;3634.8
704000;1024;937.5;3790.67;304.34%;969.110693;3790.19
705000;1024;939.46;3710.83;295.00%;945.444787;3710.35
706000;1024;944.53;3676.07;289.20%;948.122739;3675.57
707000;1024;941.77;3689.53;291.77%;947.437503;3689.06
708000;1024;943.69;3772.63;299.77%;999.7265;3744.02
709000;1024;944.96;3784.77;300.52%;974.124273;3784.31
710000;1024;949.92;3731.17;292.79%;948.067807;3730.7
711000;1024;946.57;3693.77;290.23%;956.428222;3693.26
712000;1024;947.19;3859.43;307.46%;985.730257;3858.96
713000;1024;949.06;3817.84;302.28%;975.930758;3817.31
714000;1024;950.43;3787.16;298.47%;981.910502;3786.66
715000;1024;950.39;3774.87;297.19%;960.801603;3774.41
716000;1024;954.7;3797.31;297.75%;965.333838;3796.8
717000;1024;955.25;3781.78;295.89%;969.072247;3781.29
718000;1024;965.93;3765.82;289.86%;960.633627;3765.37
719000;1024;961.33;3791.2;294.37%;980.606951;3790.75
720000;1024;969.03;3776.25;289.69%;964.891383;3775.74
721000;1024;964.97;3877.65;301.84%;991.866261;3877.2
722000;1024;962.11;3823.95;297.45%;974.714378;3823.36
723000;1024;966.7;3816.03;294.75%;978.612473;3815.54
724000;1024;964.41;3960.11;310.63%;973.945202;3959.61
725000;1024;972.86;3769.54;287.47%;965.664717;3768.92
726000;1024;970.42;3859.75;297.74%;980.429393;3859.19
727000;1024;968.33;3813.24;293.80%;980.961478;3812.77
728000;1024;970.3;3813.09;292.98%;976.180705;3812.53
729000;1024;969.94;3932.41;305.43%;1006.256783;3931.84
730000;1024;977.89;3903.63;299.19%;991.344045;3902.73
731000;1024;974.9;3847.96;294.70%;980.440158;3847.04
732000;1024;974.25;3861.27;296.33%;978.469639;3860.75
733000;1024;974.84;3898.03;299.86%;999.448805;3897.47
734000;1024;978.59;3939.18;302.54%;1006.935882;3938.6
735000;1024;978.84;3855.69;293.90%;980.81214;3855.2
736000;1024;981.69;3958.17;303.20%;1027.424598;3957.68
737000;1024;981.41;3992.81;306.84%;1031.355222;3992.29
738000;1024;978.84;3917.65;300.23%;988.906507;3917.04
739000;1024;986.31;3996.85;305.23%;1032.985969;3996.36
740000;1024;990.55;3969.53;300.74%;1011.237157;3969.04
741000;1024;989.8;3850.85;289.05%;986.83521;3850.25
742000;1024;987.68;3885.11;293.36%;991.237677;3884.57
743000;1024;991.67;3886.71;291.94%;990.132553;3886.23
744000;1024;991.83;3918.17;295.04%;1007.083882;3917.68
745000;1024;993.58;3904.45;292.97%;1003.631141;3903.86
746000;1024;990.81;3973.96;301.08%;1013.469577;3973.45
747000;1024;998.47;3854.7;286.06%;992.374667;3854.07
748000;1024;995.57;4043.68;306.17%;1046.603664;4043.18
749000;1024;995.07;4039.5;305.95%;1017.002432;4038.94
750000;1024;997.06;3960.13;297.18%;1023.758284;3959.61
751000;1024;1000.29;3964.38;296.32%;1018.271353;3963.85
752000;1024;1000.41;3926.48;292.49%;1003.605179;3925.93
753000;1024;1002.34;4073.61;306.41%;1056.875103;4073.15
754000;1024;1002.98;3991.91;298.00%;1022.915257;3991.47
755000;1024;1010.62;3987.05;294.52%;1011.143476;3986.59
756000;1024;1008.15;4093.67;306.06%;1030.233806;4093.15
757000;1024;1007.9;3957.21;292.62%;1008.321053;3956.68
758000;1024;1009.26;3916.21;288.03%;1011.537594;3915.64
759000;1024;1016.41;3943.77;288.01%;1014.428203;3943.31
760000;2048;1015.46;4039.37;297.79%;1017.039522;4038.72
761000;2048;1014.1;4211.13;315.26%;1038.393296;4210.49
762000;2048;1018.15;4248.64;317.29%;1066.288193;4247.94
763000;2048;1013.59;4112.24;305.71%;1032.602885;4111.43
764000;2048;1016.81;4132.31;306.40%;1034.302659;4131.58
765000;2048;1022.97;4272.5;317.66%;1055.875099;4271.84
766000;2048;1028.52;4297.53;317.84%;1076.705028;4296.81
767000;2048;1023.93;4099.27;300.35%;1026.419843;4098.61
768000;2048;1030.32;4120.25;299.90%;1032.548927;4119.27
769000;2048;1027.18;4227.17;311.53%;1035.50893;4226.53
770000;2048;1028.06;4148.99;303.57%;1035.884987;4148.3
771000;2048;1030.19;4174.81;305.25%;1034.53707;4174.12
772000;2048;1032.17;4152.29;302.29%;1036.992068;4151.57
773000;2048;1032.24;4164.96;303.49%;1036.372648;4164.22
774000;2048;1030.52;4256.75;313.07%;1036.725107;4256.01
775000;2048;1030.92;4177.19;305.19%;1044.165502;4176.21
776000;2048;1034.77;4164.27;302.43%;1041.507587;4163.55
777000;2048;1038.01;4174.09;302.12%;1049.982132;4173.35
778000;2048;1035.6;4113.54;297.21%;1039.451559;4112.77
779000;2048;1039.02;4249.18;308.96%;1051.808879;4248.49
780000;2048;1040.76;4215.91;305.08%;1052.418628;4215.24
781000;2048;1043.14;4354.27;317.42%;1068.699284;4353.62
782000;2048;1042;4216.98;304.70%;1054.449235;4216.28
783000;2048;1053.88;4248.72;303.15%;1047.749221;4248.07
784000;2048;1048.21;4228.16;303.37%;1058.923399;4227.28
785000;2048;1051.23;4264.32;305.65%;1059.748859;4263.52
786000;2048;1048.61;4216.89;302.14%;1059.619719;4216.11
787000;2048;1045.38;4281.44;309.56%;1059.388718;4280.74
788000;2048;1052.77;4254.59;304.13%;1063.900113;4253.95
789000;2048;1051.71;4248.19;303.93%;1066.221952;4247.48
790000;2048;1052.17;4252.14;304.13%;1065.270139;4251.46
791000;2048;1054.96;4311.75;308.71%;1087.153011;4311
792000;2048;1057.65;4298.31;306.40%;1076.117102;4297.64
793000;2048;1057.49;4262.95;303.12%;1067.047039;4262.29
794000;2048;1061.55;4286.51;303.80%;1086.941918;4285.75
795000;2048;1058.15;4277.58;304.25%;1068.790841;4276.8
796000;2048;1062.59;4212.12;296.40%;1062.52747;4211.4
797000;2048;1064.8;4289.59;302.85%;1069.08291;4288.86
798000;2048;1062.27;4389.17;313.19%;1070.14397;4388.08
799000;2048;1065.27;4282.35;302.00%;1076.251823;4281.68
800000;2048;1067.38;4305.24;303.35%;1078.275532;4304.6
801000;2048;1071.28;4339.23;305.05%;1075.588477;4338.38
802000;2048;1079.58;4319.42;300.10%;1077.383515;4318.71
803000;2048;1075.72;4250.43;295.12%;1071.119897;4249.67
804000;2048;1075.01;4340.2;303.74%;1078.923712;4339.51
805000;2048;1077.69;4433.22;311.36%;1087.886351;4432.47
806000;2048;1079.92;4385.18;306.07%;1110.632001;4384.52
807000;2048;1077.76;4339.63;302.65%;1088.382583;4338.84
808000;2048;1079.19;4355.13;303.56%;1103.628453;4354.32
809000;2048;1080.12;4427.96;309.95%;1100.056651;4427.23
810000;2048;1085.69;4428.32;307.88%;1085.3578;4427.13
811000;2048;1083.35;4307.34;297.59%;1085.612061;4306.62
812000;2048;1083.82;4423.92;308.18%;1127.613997;4423.18
813000;2048;1091.34;4354.71;299.02%;1106.411064;4354.09
814000;2048;1093.35;4348.28;297.70%;1083.570826;4347.65
815000;2048;1087.98;4307.97;295.96%;1094.87051;4307.19
816000;2048;1091.21;4357.43;299.32%;1088.86167;4356.75
817000;2048;1093.89;4363.33;298.88%;1090.386047;4362.56
818000;2048;1096;4499.87;310.57%;1147.935553;4499.13
819000;2048;1095.24;4447.69;306.09%;1096.810732;4447
820000;2048;1092.89;4419.93;304.43%;1101.587512;4419.19
821000;2048;1103.93;4422.42;300.61%;1100.66185;4421.37
822000;2048;1096.62;4453.48;306.11%;1118.492028;4452.76
823000;2048;1097.59;4465.55;306.85%;1122.606594;4464.81
824000;2048;1099.5;4476.86;307.17%;1109.398534;4475.97
825000;2048;1104.2;4342.57;293.28%;1099.699997;4341.69
826000;2048;1102.31;4559.76;313.65%;1126.894978;4559.03
827000;2048;1105.65;4450.76;302.55%;1104.092877;4449.94
828000;2048;1101.7;4424.14;301.57%;1108.734821;4423.43
829000;2048;1115.73;4405.79;294.88%;1110.487391;4404.93
830000;2048;1111.57;4382.27;294.24%;1111.188998;4381.3
831000;2048;1112.12;4576.06;311.47%;1171.207281;4575.41
832000;2048;1110.9;4546.13;309.23%;1146.89197;4545.4
833000;2048;1112.15;4474.39;302.32%;1117.790735;4473.73
834000;2048;1116.3;4511.26;304.13%;1123.089213;4510.35
835000;2048;1114.47;4485.38;302.47%;1123.676762;4484.56
836000;2048;1117.62;4414.11;294.96%;1114.455103;4413.4
837000;2048;1119.63;4513.67;303.14%;1127.178571;4512.75
838000;2048;1119.64;4539.03;305.40%;1129.659522;4538.26
839000;2048;1121.2;4584.55;308.90%;1177.236937;4583.73
840000;2048;1122.84;4402.66;292.10%;1118.465202;4401.94
841000;2048;1126.11;4629.08;311.07%;1149.240076;4628.37
842000;2048;1132.63;4498.49;297.17%;1129.119321;4497.8
843000;2048;1127.02;4433.19;293.36%;1126.567962;4432.26
844000;2048;1126.33;4477.94;297.57%;1130.774634;4477.31
845000;2048;1128.76;4570.12;304.88%;1152.42215;4569.43
846000;2048;1133.45;4521.28;298.90%;1142.791222;4520.48
847000;2048;1131.33;4482.19;296.19%;1128.189879;4481.39
848000;2048;1132.77;4474.09;294.97%;1120.830985;4473.38
849000;2048;1129.09;4618.67;309.06%;1153.931704;4617.88
850000;2048;1135.67;4601.66;305.19%;1136.254062;4600.89
851000;2048;1140.13;4563.04;300.22%;1138.401647;4562.35
852000;2048;1139.22;4542.26;298.72%;1140.136235;4541.61
853000;2048;1139.91;4681.26;310.67%;1201.264431;4680.61
854000;2048;1146.12;4619.25;303.03%;1152.729788;4618.62
855000;2048;1142.64;4620.68;304.39%;1155.9464;4619.6
856000;2048;1146.11;4542;296.30%;1136.423144;4541.29
857000;2048;1149.17;4657.29;305.27%;1158.134573;4656.54
858000;2048;1146.93;4642.96;304.82%;1152.724753;4642.25
859000;2048;1147.12;4662.75;306.47%;1161.853212;4662.01
860000;2048;1150.31;4595.27;299.48%;1152.27838;4594.18
861000;2048;1154.44;4657.23;303.42%;1153.989973;4656.44
862000;2048;1152.83;4612.41;300.09%;1154.712796;4611.71
863000;2048;1151.9;4609.49;300.16%;1158.947759;4608.81
864000;2048;1157.9;4797.3;314.31%;1211.448845;4796.57
865000;2048;1149.43;4737.56;312.17%;1191.838508;4736.86
866000;2048;1162.6;4606.97;296.26%;1151.19484;4606.29
867000;2048;1162.7;4605.63;296.12%;1145.76861;4604.48
868000;2048;1164.29;4590.43;294.27%;1160.175725;4589.71
869000;2048;1156.16;4647.45;301.97%;1167.197781;4646.68
870000;2048;1161.99;4655.95;300.69%;1167.319077;4655.22
871000;2048;1162.62;4683.36;302.83%;1165.579487;4682.6
872000;2048;1162.51;4702.62;304.52%;1185.664164;4701.91
873000;2048;1168.7;4710.41;303.05%;1179.681524;4709.59
874000;2048;1166.91;4794.97;310.91%;1210.817506;4794.2
875000;2048;1179.18;4654.6;294.73%;1194.442941;4653.8
876000;2048;1173.7;4735.7;303.48%;1185.731432;4734.94
877000;2048;1176.68;4775.55;305.85%;1215.858018;4774.78
878000;2048;1175.82;4744.71;303.52%;1205.476102;4744.03
879000;2048;1177.26;4632.28;293.48%;1172.106817;4631.57
880000;2048;1171.56;4639.29;295.99%;1172.725655;4638.39
881000;2048;1175.5;4726.79;302.11%;1182.968062;4726.08
882000;2048;1178.11;4734.98;301.91%;1194.419784;4734.34
883000;2048;1184.87;4669.54;294.10%;1164.284633;4668.86
884000;2048;1179.67;4678.49;296.59%;1178.174001;4677.79
885000;2048;1189.21;4665.47;292.32%;1165.672879;4664.78
886000;2048;1182.39;4785.14;304.70%;1221.963604;4784.41
887000;2048;1185.71;4739.18;299.69%;1185.263277;4738.53
888000;2048;1181.83;4685.16;296.43%;1185.51474;4684.04
889000;2048;1186.74;4900.95;312.98%;1250.872103;4900.26
890000;2048;1193.61;4833.6;304.96%;1218.690679;4832.84
891000;2048;1192.93;4838.98;305.64%;1218.346554;4838.3
892000;2048;1198.18;4872.01;306.62%;1221.424107;4871.33
893000;2048;1197.66;4798.07;300.62%;1209.640314;4797.22
894000;2048;1195.44;4761.14;298.28%;1206.828045;4760.4
895000;2048;1194.01;4772.7;299.72%;1197.111136;4772.02
896000;2048;1194.08;4687.08;292.53%;1188.380439;4686.34
897000;2048;1197.66;4788.78;299.84%;1211.789504;4788.05
898000;2048;1199.41;4855.41;304.82%;1231.023719;4854.69
899000;2048;1203.18;4901.68;307.39%;1226.035387;4900.92
900000;2048;1198.29;4801.4;300.69%;1201.647195;4800.62
901000;2048;1206.5;4942.98;309.70%;1232.109795;4942.23
902000;2048;1207.81;4812.56;298.45%;1204.468196;4811.79
903000;2048;1209.6;4911.36;306.03%;1237.713924;4910.61
904000;2048;1211.72;5110.85;321.78%;1260.95363;5110.09
905000;2048;1214.48;4870.15;301.01%;1243.872069;4869.4
906000;2048;1207.23;4836.7;300.64%;1208.46753;4835.67
907000;2048;1213.03;4845.83;299.48%;1222.111413;4845.09
908000;2048;1216.65;4840.8;297.88%;1211.826615;4840
909000;2048;1214.31;4848.69;299.30%;1220.293827;4847.92
910000;2048;1218.46;4897.98;301.98%;1260.422102;4897.19
911000;2048;1219.03;5002.04;310.33%;1229.163943;5001.24
912000;2048;1223.01;4888.06;299.67%;1217.667532;4887.23
913000;2048;1223.25;4908.33;301.25%;1229.801972;4907.62
914000;2048;1218.89;4939.09;305.21%;1239.557263;4938.43
915000;2048;1219.39;4867.78;299.20%;1220.633258;4867.13
916000;2048;1223.44;4792.79;291.75%;1221.360543;4792.07
917000;2048;1226.96;4853.77;295.59%;1219.658455;4853.02
918000;2048;1222.84;4987.22;307.84%;1256.092648;4986.52
919000;2048;1225.18;5051.19;312.28%;1226.879515;5050.48
920000;2048;1229.95;4905.63;298.85%;1237.997847;4904.9
921000;2048;1233.34;5042.89;308.88%;1290.75194;5042.19
922000;2048;1235.1;4936.78;299.71%;1230.135469;4936.03
923000;2048;1233.69;5034.56;308.09%;1260.767496;5033.84
924000;2048;1233.98;5034.28;307.97%;1268.674718;5033.53
925000;2048;1240.57;4921.44;296.71%;1236.296907;4920.62
926000;2048;1233.79;4949.48;301.16%;1234.421335;4948.77
927000;2048;1247.59;4967.82;298.19%;1272.970089;4967.04
928000;2048;1239.12;5050.14;307.56%;1271.909437;5049.44
929000;2048;1247.98;5010.59;301.50%;1277.039802;5009.95
930000;2048;1247.73;4902.45;292.91%;1238.632147;4901.75
931000;2048;1245.55;4894.24;292.94%;1237.295746;4893.54
932000;2048;1243.98;4980.21;300.34%;1259.391281;4979.44
933000;2048;1243.01;5102.04;310.46%;1260.392252;5101.38
934000;2048;1245.7;5026.25;303.49%;1255.74792;5025.52
935000;2048;1258.31;4919.34;290.95%;1249.040048;4918.63
936000;2048;1253.06;4999.96;299.02%;1254.543965;4999.19
937000;2048;1253.39;5030.66;301.36%;1267.837726;5029.77
938000;2048;1259.54;4946.28;292.71%;1244.979264;4945.63
939000;2048;1253.99;5058;303.35%;1288.282407;5057.3
940000;2048;1256.24;5006.64;298.54%;1260.297051;5005.91
941000;2048;1259.27;5135.4;307.81%;1288.802269;5134.7
942000;2048;1262.12;4933.95;290.93%;1245.373954;4933.26
943000;2048;1266.22;5074.15;300.73%;1302.164918;5073.35
944000;2048;1258.86;5014.06;298.30%;1258.651465;5013.35
945000;2048;1260.94;4994.26;296.07%;1255.166745;4993.49
946000;2048;1264.88;4952.91;291.57%;1249.053314;4952.08
947000;2048;1269.43;5077.62;299.99%;1280.939313;5076.97
948000;2048;1264.06;5060.03;300.30%;1276.432866;5059.32
949000;2048;1263.71;5028;297.88%;1278.951471;5027.37
950000;2048;1262.58;5041.27;299.28%;1271.224978;5040.45
951000;2048;1269.86;4960.38;290.62%;1260.476057;4959.65
952000;2048;1265.99;4963.67;292.08%;1262.806625;4962.99
953000;2048;1274.2;5089.14;299.40%;1287.978198;5088.4
954000;2048;1273.45;5095.15;300.11%;1289.051014;5094.45
955000;2048;1277.52;5140.03;302.34%;1306.46808;5139.3
956000;2048;1285.39;4992.98;288.44%;1269.923145;4992.18
957000;2048;1275.48;5089.89;299.06%;1276.762092;5089.09
958000;2048;1279.56;5089.34;297.74%;1278.190059;5088.59
959000;2048;1288.73;5023.7;289.82%;1275.71498;5022.86
960000;2048;1290.54;5088.37;294.28%;1284.839599;5087.66
961000;2048;1288.43;5272.23;309.20%;1347.037807;5271.36
962000;2048;1285.49;5308.33;312.94%;1312.345909;5307.71
963000;2048;1288.49;5183.13;302.26%;1282.15897;5182.34
964000;2048;1286.55;5137.26;299.31%;1281.96581;5136.12
965000;2048;1289.08;5304.24;311.47%;1319.156235;5303.5
966000;2048;1288.17;5133.01;298.47%;1289.086954;5132.26
967000;2048;1294.87;5195.58;301.24%;1299.938231;5194.94
968000;2048;1289.98;5141.82;298.60%;1295.244382;5141.15
969000;2048;1297.06;5228.16;303.08%;1330.013825;5227.44
970000;2048;1295.41;5093.92;293.23%;1288.135476;5093.18
971000;2048;1294.7;5215.81;302.86%;1341.991184;5215.15
972000;2048;1297.76;5204.51;301.04%;1325.030229;5203.77
973000;2048;1301.36;5322.46;308.99%;1360.913336;5321.8
974000;2048;1300.21;5259.44;304.51%;1328.923196;5258.76
975000;2048;1306.41;5195.5;297.69%;1311.337189;5194.84
976000;2048;1306.59;5312.75;306.61%;1341.237156;5312.06
977000;2048;1304.09;5255.59;303.01%;1321.444918;5254.84
978000;2048;1322.39;5206.61;293.73%;1328.241591;5205.87
979000;2048;1313.1;5309.48;304.35%;1335.187955;5308.85
980000;2048;1304.35;5195.88;298.35%;1300.81356;5195.07
981000;2048;1309.63;5116.95;290.72%;1296.019159;5116.27
982000;2048;1317.24;5177.38;293.05%;1299.231723;5176.72
983000;2048;1317.44;5168.61;292.32%;1305.125562;5167.85
984000;2048;1316.81;5222.52;296.60%;1321.710946;5221.84
985000;2048;1319.1;5261.07;298.84%;1326.299856;5260.35
986000;2048;1320.1;5236.27;296.66%;1313.019635;5235.64
987000;2048;1321.76;5304.42;301.31%;1333.243822;5303.6
988000;2048;1317.26;5134.01;289.75%;1311.778171;5133.29
989000;2048;1320.94;5244.36;297.02%;1318.686038;5243.51
990000;2048;1326.27;5289.91;298.86%;1316.365585;5289.2
991000;2048;1333.14;5252.31;293.98%;1325.382475;5251.63
992000;2048;1324.76;5322.51;301.77%;1345.863016;5321.75
993000;2048;1327.03;5316.84;300.66%;1342.600927;5316.17
994000;2048;1329.6;5311.83;299.51%;1341.824783;5311.13
995000;2048;1324.73;5449.92;311.40%;1389.09665;5449.19
996000;2048;1334.22;5293.35;296.74%;1324.67805;5292.63
997000;2048;1342.46;5357.02;299.05%;1340.837538;5356.36
998000;2048;1331.03;5374.76;303.80%;1380.785426;5374.12
999000;2048;1337.06;5330.17;298.65%;1333.427943;5329.5
1000000;2048;1333.13;5386.56;304.05%;1343.217198;5385.88
