iterations;buffer size;without trace;with trace;overhead ratio;trace time;decode time
1000;2;14.44;30.651;112.26%;15.948269;30.3663
2000;4;28.28;53.8561;90.44%;29.489135;53.5046
3000;8;47.06;70.232;49.24%;46.945372;69.6881
4000;8;57.31;100.332;75.07%;56.589456;99.9719
5000;8;70.55;137.148;94.40%;70.406063;136.841
6000;16;84.42;142.54;68.85%;84.03546;142.223
7000;16;97.62;164.092;68.09%;98.326825;163.76
8000;16;111.53;189.957;70.32%;112.094889;189.598
9000;16;126.34;241.965;91.52%;132.885643;241.675
10000;16;140.15;243.065;73.43%;139.22229;242.767
11000;16;154.19;284.254;84.35%;153.649728;283.936
12000;32;168.94;294.47;74.30%;167.490409;294.195
13000;32;181.06;337.434;86.37%;183.130975;337.128
14000;32;195.78;352.876;80.24%;196.507979;352.595
15000;32;210.27;399.421;89.96%;208.180487;399.104
16000;32;224.57;365.23;62.64%;222.162811;364.907
17000;32;237.19;358.735;51.24%;238.24088;358.404
18000;32;249.79;415.569;66.37%;252.416831;415.252
19000;32;265.44;404.833;52.51%;268.185972;404.554
20000;32;280.28;473.003;68.76%;278.396121;472.724
21000;32;292;484.654;65.98%;292.304396;484.38
22000;32;305.35;473.382;55.03%;306.065146;473.11
23000;32;319.26;487.291;52.63%;324.104742;486.975
24000;64;335.32;575.556;71.64%;339.038768;575.272
25000;64;350.34;536.122;53.03%;348.242856;535.345
26000;64;364.61;579.473;58.93%;363.647937;579.189
27000;64;376.19;569.452;51.37%;375.530683;569.092
28000;64;391.41;651.546;66.46%;394.524548;651.169
29000;64;401.87;699.503;74.06%;405.652964;699.219
30000;64;419.15;802.598;91.48%;425.627175;802.274
31000;64;440.1;887.457;101.65%;436.512194;839.348
32000;64;445.74;692.077;55.26%;519.219977;658.98
33000;64;461.45;720.257;56.09%;464.238455;719.84
34000;64;475.05;703.003;47.99%;472.967567;702.58
35000;64;486.25;840.831;72.92%;486.820662;840.471
36000;64;498.07;953.163;91.37%;501.915511;952.836
37000;64;512.23;885.685;72.91%;520.793208;885.307
38000;64;527.24;900.393;70.77%;536.062728;900.112
39000;64;539.02;943.011;74.95%;548.315247;942.726
40000;64;558.82;973.824;74.26%;557.319518;973.512
41000;64;563.89;1016.62;80.29%;577.186084;1016.31
42000;64;580.36;1030.93;77.64%;591.903454;1030.62
43000;64;591.96;914.6;54.50%;599.859854;914.156
44000;64;606.05;914.888;50.96%;619.757925;914.609
45000;64;628.57;992.11;57.84%;634.18731;991.778
46000;64;658.25;1096.35;66.56%;652.462805;1095.99
47000;64;654.3;1069.7;63.49%;661.283552;1069.41
48000;128;660.44;1035.99;56.86%;674.950065;1035.69
49000;128;683.84;1265.65;85.08%;677.930933;1265.32
50000;128;691.31;1027.13;48.58%;702.233132;1026.78
51000;128;703.49;1262.32;79.44%;719.276602;1262
52000;128;716.94;1258.64;75.56%;732.062547;1258.34
53000;128;728.68;1203.65;65.18%;745.032827;1203.3
54000;128;748.61;1376.45;83.87%;759.03652;1376.03
55000;128;761.94;1280.88;68.11%;766.248503;1280.56
56000;128;770.63;1335.6;73.31%;789.872087;1335.17
57000;128;788.22;1392.32;76.64%;787.638756;1392
58000;128;795.78;1197.2;50.44%;806.57819;1196.85
59000;128;819.5;1211.44;47.83%;835.615919;1211.11
60000;128;829.06;1235.54;49.03%;845.336083;1235.21
61000;128;843.35;1563.95;85.44%;859.460975;1563.62
62000;128;864.5;1341.14;55.13%;862.007735;1340.82
63000;128;882.13;1682.7;90.75%;877.126524;1681.87
64000;128;890.96;1422.01;59.60%;890.460506;1421.68
65000;128;908.71;1357.51;49.39%;914.977033;1357.21
66000;128;917.61;1636.37;78.33%;929.113977;1635.99
67000;128;926.34;1713.25;84.95%;943.285228;1712.93
68000;128;944.33;1531.67;62.20%;956.443283;1531.34
69000;128;959.33;1580.17;64.72%;972.139094;1579.83
70000;128;973.83;1666.57;71.14%;980.401374;1666.26
71000;128;978.69;1556.34;59.02%;1008.628868;1556.03
72000;128;1022.5;1677.68;64.08%;1019.026625;1677.36
73000;128;1041.02;1747.1;67.83%;1070.97686;1746.67
74000;128;1043.83;1823.04;74.65%;1057.895885;1822.75
75000;128;1047.77;1699.74;62.22%;1055.934472;1699.41
76000;128;1049.14;1867.31;77.98%;1063.94743;1867.01
77000;128;1072.91;2258.59;110.51%;1091.531505;2258.26
78000;128;1084.62;2217.84;104.48%;1161.853106;2217.53
79000;128;1133.96;2145.59;89.21%;1135.515712;2145.2
80000;128;1140.4;2396.87;110.18%;1193.855898;2396.53
81000;128;1157.73;2211.61;91.03%;1156.99502;2211.26
82000;128;1143.48;2429.78;112.49%;1198.001217;2429.42
83000;128;1154.08;1989.91;72.42%;1171.304538;1989.58
84000;128;1160.14;1988.16;71.37%;1240.012503;1987.78
85000;128;1181.43;2600.38;120.10%;1212.384421;2600.04
86000;128;1196.39;2780.67;132.42%;1286.201458;2780.36
87000;128;1210.43;2337.58;93.12%;1268.930609;2307.41
88000;128;1224.33;2200.91;79.76%;1284.892997;2200.57
89000;128;1253.39;2132.85;70.17%;1301.688158;2132.43
90000;128;1253.5;2785.68;122.23%;1313.771151;2785.35
91000;128;1262.54;3249.66;157.39%;1330.441481;3249.38
92000;128;1274.06;2254.62;76.96%;1332.69495;2254.3
93000;128;1287.52;2565.15;99.23%;1368.51351;2564.78
94000;128;1310.17;2235.43;70.62%;1365.650556;2235.1
95000;128;1338.91;2817.12;110.40%;1391.25261;2816.82
96000;256;1322.46;2651.31;100.48%;1423.427665;2650.98
97000;256;1346.52;2098.7;55.86%;1351.404883;2098.37
98000;256;1369.07;2659.12;94.23%;1480.735278;2658.77
99000;256;1363.82;2356.22;72.77%;1397.401268;2355.9
100000;256;1389.65;3279.01;135.96%;1509.240642;3278.69
101000;256;1406.87;3362.96;139.04%;1543.00543;3362.62
102000;256;1423.02;3196.44;124.62%;1540.849676;3196.09
103000;256;1423.79;2859.08;100.81%;1494.127751;2858.74
104000;256;1441.33;2422.98;68.11%;1485.161067;2422.42
105000;256;1449.4;2934.71;102.48%;1526.718565;2934.29
106000;256;1467.91;2978;102.87%;1525.893074;2977.68
107000;256;1487.73;2871.86;93.04%;1597.218944;2871.5
108000;256;1522.63;3377.71;121.83%;1583.207617;3377.3
109000;256;1493.62;3172.41;112.40%;1587.369276;3172.05
110000;256;1528.16;3876.51;153.67%;1679.609448;3876.1
111000;256;1524.65;3111.78;104.10%;1719.782573;3111.43
112000;256;1539.85;3651.35;137.12%;1684.432416;3651
113000;256;1553.61;3217.09;107.07%;1719.96198;3216.74
114000;256;1566.11;3936.69;151.37%;1738.47597;3936.34
115000;256;1584.34;3590.1;126.60%;1684.337314;3589.72
116000;256;1601.77;3654.21;128.14%;1802.8927;3653.8
117000;256;1629.52;3276.18;101.05%;1722.255742;3275.73
118000;256;1625.67;3284.99;102.07%;1733.211871;3284.64
119000;256;1640.29;3584.28;118.52%;1816.425115;3583.89
120000;256;1663.65;3373.45;102.77%;1835.243642;3373.05
121000;256;1688.87;3645.04;115.83%;1831.566783;3644.69
122000;256;1687.92;3410.77;102.07%;1865.800771;3410.44
123000;256;1694.75;3510.54;107.14%;1813.996112;3510.07
124000;256;1721.81;3939.42;128.80%;1825.688236;3939.1
125000;256;1739.02;3486.27;100.47%;1848.637742;3485.94
126000;256;1754.23;3861.12;120.10%;1915.019765;3860.77
127000;256;1745.78;3153.51;80.64%;1910.882283;3153.16
128000;256;1754.06;3882.95;121.37%;1810.225325;3882.59
129000;256;1782.64;3497.35;96.19%;1953.342652;3497.03
130000;256;1801.02;3603.89;100.10%;1844.677766;3603.48
131000;256;1806.96;3754.11;107.76%;1854.857463;3753.76
132000;256;1818.48;3498.22;92.37%;1918.141396;3497.78
133000;256;1833.28;3510.64;91.50%;1992.266473;3510.25
134000;256;1861.05;3249.11;74.58%;2004.413347;3248.8
135000;256;1856.52;3726.8;100.74%;2023.056951;3726.49
136000;256;1889.05;4141.22;119.22%;2040.759435;4140.89
137000;256;1912.9;3685.87;92.68%;2050.261686;3685.52
138000;256;1909.49;3707.27;94.15%;2074.240164;3706.89
139000;256;1926.18;3509.31;82.19%;2148.19133;3508.96
140000;256;1947.52;3499.25;79.68%;2146.20641;3498.5
141000;256;1956.2;3438.14;75.76%;2098.890374;3437.73
142000;256;1949.91;3748.29;92.23%;2172.206965;3747.97
143000;256;1997.5;4297.97;115.17%;2122.060907;4297.62
144000;256;2009.41;3684.94;83.38%;2182.366463;3684.59
145000;256;1990.35;3851.28;93.50%;2076.602315;3850.96
146000;256;2000.54;3892.1;94.55%;2177.782778;3891.7
147000;256;2025.34;3732.93;84.31%;2192.572308;3732.57
148000;256;2038.35;4263.91;109.18%;2207.816003;4263.03
149000;256;2077.77;3921.38;88.73%;2252.652008;3920.96
150000;256;2074.64;3759.32;81.20%;2246.507373;3758.96
151000;256;2103.15;4880.96;132.08%;2252.369638;4880.64
152000;256;2106.28;4304.46;104.36%;2320.58045;4304.12
153000;256;2110.88;4408.89;108.87%;2323.332245;4408.51
154000;256;2136.95;4925.53;130.49%;2394.758988;4925.08
155000;256;2327.87;3808.61;63.61%;2453.859023;3808.08
156000;256;2309.29;4721.9;104.47%;2688.280222;4721.38
157000;256;2318.01;4339.03;87.19%;2538.287656;4338.59
158000;256;2317.76;4944.46;113.33%;2534.251283;4944.13
159000;256;2400.78;5126.11;113.52%;2651.803106;5125.21
160000;256;2411.03;3673.54;52.36%;2888.216712;3626.95
161000;256;2358.93;5018.85;112.76%;2699.547888;5017.99
162000;256;2351.81;4187.72;78.06%;2572.416806;4187.4
163000;256;2304.99;4297.96;86.46%;2652.656174;4255.07
164000;256;2534.7;6313.12;149.07%;2700.371431;6312.68
165000;256;2452.95;4594.49;87.30%;2655.593761;4594.17
166000;256;2362.15;4896.82;107.30%;2670.3071;4896.5
167000;256;2374.82;4574.86;92.64%;2627.713097;4574.47
168000;256;2410.09;5584.81;131.73%;2647.73034;5584.5
169000;256;2454.42;4471.32;82.17%;2702.478167;4470.67
170000;256;2384.14;5869.88;146.21%;2751.68811;5869.54
171000;256;2446.7;5502.25;124.88%;2759.448417;5501.77
172000;256;2415.61;4863.66;101.34%;2804.773094;4863.21
173000;256;2689.76;3753.37;39.54%;2984.055811;3692.13
174000;256;2408.13;6629.11;175.28%;2750.678753;6628.77
175000;256;2448.58;5396.32;120.39%;2680.225108;5395.99
176000;256;2433.2;3940.21;61.94%;2821.045901;3898.91
177000;256;2448.32;4939.67;101.76%;2739.224884;4939.34
178000;256;2454.18;5233.54;113.25%;2786.926681;5233.13
179000;256;2471.18;5320.99;115.32%;2863.409139;5320.64
180000;256;2595.56;4402.92;69.63%;2826.826998;4402.44
181000;256;2656.4;5533.27;108.30%;2824.114893;5532.89
182000;256;2524.61;4779.59;89.32%;2845.446164;4779.26
183000;256;2551;5357.33;110.01%;2785.180613;5356.97
184000;256;2588.49;4419.59;70.74%;2701.46372;4419.09
185000;256;2584.74;4572.2;76.89%;2565.131174;4571.85
186000;256;2626.97;4847.63;84.53%;2610.327708;4847.18
187000;256;2597.48;4843.24;86.46%;2616.034026;4842.83
188000;256;2654.26;4456.59;67.90%;2612.285909;4456.23
189000;256;2634.86;5372.41;103.90%;2675.136998;5371.96
190000;512;2766.84;4114.84;48.72%;2682.402495;4114.38
191000;512;2645.08;5073.46;91.81%;2837.030357;5073.06
192000;512;2812.59;7242.86;157.52%;3161.631338;7242.28
193000;512;2808.27;6336.44;125.63%;2879.634794;6336.04
194000;512;2708.36;5621.13;107.55%;2969.350693;5620.76
195000;512;2703.63;5086.65;88.14%;2811.013305;5086.16
196000;512;2746.39;5335.28;94.27%;2966.726421;5334.9
197000;512;2725.13;5097.37;87.05%;2862.941789;5096.89
198000;512;2790.34;4887.17;75.15%;2769.109278;4886.64
199000;512;2743.91;5087.93;85.43%;2799.391731;5087.54
200000;512;2766.16;4232.78;53.02%;2860.892411;4232.36
201000;512;2813.6;4857.02;72.63%;2838.678605;4856.65
202000;512;2835.71;5240.61;84.81%;2933.813498;5240.12
203000;512;2844.39;7013.32;146.57%;2986.20301;7012.96
204000;512;2863.49;5161.98;80.27%;2882.649439;5161.5
205000;512;2850.85;6892.68;141.78%;3044.223141;6892.32
206000;512;2887.34;7047.23;144.07%;3047.283239;7046.84
207000;512;2873.06;6461.32;124.89%;3064.355154;6460.92
208000;512;2923.49;6226.61;112.99%;3145.008431;6225.82
209000;512;2894.21;7060.13;143.94%;3162.670357;7059.71
210000;512;2902.15;5456.64;88.02%;3076.188562;5456.25
211000;512;2918.75;5248.66;79.83%;3101.531356;5248.26
212000;512;2947.16;6192.01;110.10%;3159.870429;6191.65
213000;512;2959.19;6841.14;131.18%;3312.097058;6840.78
214000;512;2987.48;5065.02;69.54%;2975.915296;5064.61
215000;512;3024.36;4721.28;56.11%;3010.426674;4720.78
216000;512;3017.43;5106.94;69.25%;3070.218608;5106.54
217000;512;3009.91;6836.86;127.14%;3202.218466;6836.46
218000;512;3059.02;5406.6;76.74%;3176.939008;5406.24
219000;512;3071.64;7241.12;135.74%;3265.725688;7240.7
220000;512;3089.57;7298.39;136.23%;3307.483943;7297.92
221000;512;3062.76;6202.01;102.50%;3288.311715;6201.62
222000;512;3107.84;6251.48;101.15%;3318.622927;6251.08
223000;512;3119.62;6049.1;93.91%;3290.970406;6048.71
224000;512;3103.53;6579.61;112.00%;3476.165993;6579.1
225000;512;3114.73;5721.88;83.70%;3392.818264;5721.42
226000;512;3173.25;6516.05;105.34%;3411.64591;6515.59
227000;512;3181.82;7909.79;148.59%;3385.96281;7909.23
228000;512;3182.31;5501.99;72.89%;3405.673669;5501.51
229000;512;3139.67;6628.83;111.13%;3494.797805;6628.46
230000;512;3172.95;6732.25;112.18%;3516.527423;6731.73
231000;512;3171.65;5817.76;83.43%;3470.162404;5817.33
232000;512;3212.77;5972.56;85.90%;3435.068863;5972.09
233000;512;3225.2;6391.64;98.18%;3464.116191;6391.27
234000;512;3220.57;6414.35;99.17%;3503.58059;6413.97
235000;512;3232.65;6521.67;101.74%;3440.192366;6521.28
236000;512;3228.07;6780.2;110.04%;3635.562529;6779.76
237000;512;3253.56;6456.28;98.44%;3640.061264;6455.89
238000;512;3280.41;6236.25;90.11%;3636.42339;6235.87
239000;512;3329.35;7732.71;132.26%;3507.962526;7732.18
240000;512;3309.07;7234.1;118.61%;3561.076814;7233.74
241000;512;3308.71;7509.96;126.98%;3543.732169;7509.56
242000;512;3364.08;8132.14;141.73%;3552.601166;8131.67
243000;512;3374.35;6493.18;92.43%;3611.147809;6492.72
244000;512;3394.67;6433.72;89.52%;3579.248367;6433.36
245000;512;3403.9;7696;126.09%;3632.761702;7695.64
246000;512;3406.11;8038.56;136.00%;3648.934875;8038.16
247000;512;3430.08;6717.2;95.83%;3755.608223;6716.73
248000;512;3416.14;9163.12;168.23%;3762.499209;9162.76
249000;512;3440.55;7193.75;109.09%;3837.487074;7193.4
250000;512;3436.26;8017.59;133.32%;3703.036421;8017.21
251000;512;3456.82;6672.65;93.03%;3762.394827;6672.15
252000;512;3498.72;6385.41;82.51%;3719.863244;6384.97
253000;512;3490.26;7775.42;122.77%;3735.666794;7774.93
254000;512;3496.57;7961.79;127.70%;3769.413372;7961.39
255000;512;3515.38;7114.36;102.38%;3905.820229;7114
256000;512;3546.76;5962.57;68.11%;3739.774379;5962.17
257000;512;3555.26;9247.08;160.10%;3941.983598;9246.58
258000;512;3570.57;7660.36;114.54%;3976.365343;7659.86
259000;512;3581.64;6865.6;91.69%;3975.797529;6865.21
260000;512;3581.47;7118.34;98.75%;3972.648885;7117.96
261000;512;3634.2;7100.31;95.37%;3947.456748;7099.91
262000;512;3627.33;7929.56;118.61%;3910.260364;7929.15
263000;512;3627.72;9432.72;160.02%;3999.429598;9432.29
264000;512;3699.7;7092.87;91.71%;3880.078587;7092.43
265000;512;3711.11;8454.4;127.81%;3972.772177;8454.03
266000;512;3722.9;7785.94;109.14%;3988.324905;7785.55
267000;512;3720.75;8665.19;132.89%;3921.084912;8664.77
268000;512;3717.04;9509.82;155.84%;4075.914142;9509.42
269000;512;3718.13;7775.51;109.12%;3973.104763;7775.16
270000;512;3733.78;8282.92;121.84%;4016.925211;8282.52
271000;512;3767.68;8167.07;116.77%;4016.627927;8166.69
272000;512;3762.42;7458.01;98.22%;4192.516673;7457.62
273000;512;3770.11;8106.63;115.02%;4063.48869;8106.23
274000;512;3841.87;8306.9;116.22%;4239.368817;8306.51
275000;512;3839.81;7690.22;100.28%;4127.079595;7689.85
276000;512;3830.92;8190.53;113.80%;4241.270436;8190.03
277000;512;3833.33;9399.14;145.20%;4079.217777;9398.65
278000;512;3897.16;7477.11;91.86%;4075.044371;7476.71
279000;512;3859.21;9204.5;138.51%;4325.944973;9204.14
280000;512;3908;7409.99;89.61%;4182.507525;7409.59
281000;512;3911.44;7982.15;104.07%;4334.876851;7981.71
282000;512;3911.37;7820.85;99.95%;4326.888445;7820.46
283000;512;3926.25;6641.33;69.15%;4044.219158;6640.93
284000;512;3956.76;8395.56;112.18%;4242.953738;8395.11
285000;512;3930.64;6851.84;74.32%;4300.180499;6851.45
286000;512;3942.7;8243.51;109.08%;4381.043214;8243.11
287000;512;4026.97;8471.39;110.37%;4319.59151;8470.96
288000;512;4030.38;8024.04;99.09%;4379.007259;8023.57
289000;512;3990.29;7648.37;91.67%;4454.141936;7647.87
290000;512;4002.6;8526.62;113.03%;4394.479776;8526.21
291000;512;4047.28;7639.13;88.75%;4379.52539;7638.67
292000;512;4077.14;10879;166.83%;4545.629272;10878.5
293000;512;4080.99;8893.55;117.93%;4358.025071;8893.16
294000;512;4119.34;7864.09;90.91%;4453.6064;7863.71
295000;512;4073.42;7941.01;94.95%;4526.842027;7940.64
296000;512;4104.36;8450.21;105.88%;4487.310848;8449.83
297000;512;4082.14;7409.56;81.51%;4474.697675;7409.17
298000;512;4169.69;8731.3;109.40%;4482.981355;8730.92
299000;512;4165.18;9724.17;133.46%;4508.529754;9723.72
300000;512;4204.98;8803.71;109.36%;4478.505268;8803.31
301000;512;4162.54;8562.65;105.71%;4459.366561;8562.24
302000;512;4215.51;8676.4;105.82%;4440.199414;8676.01
303000;512;4234;9558.31;125.75%;4602.181511;9557.92
304000;512;4200.66;7799.21;85.67%;4649.405183;7798.86
305000;512;4271.45;8896.12;108.27%;4649.393593;8895.76
306000;512;4243.1;7759.98;82.88%;4657.190536;7759.63
307000;512;4289.71;9944.63;131.83%;4557.226324;9944.24
308000;512;4271.9;9259.68;116.76%;4646.049041;9259.29
309000;512;4330.59;8410.23;94.21%;4759.69231;8409.87
310000;512;4337.8;10679.5;146.20%;4680.592514;10679.1
311000;512;4317.89;10608.3;145.68%;4589.625008;10607.9
312000;512;4312.89;7608.82;76.42%;4705.977306;7608.43
313000;512;4324.47;9257.83;114.08%;4717.342612;9257.41
314000;512;4367.92;7914.76;81.20%;4612.209702;7914.36
315000;512;4410.41;11007.1;149.57%;4710.978662;11006.7
316000;512;4404.9;8723.88;98.05%;4705.20871;8723.35
317000;512;4378.11;8338.46;90.46%;4711.326528;8338.1
318000;512;4405.95;9071.06;105.88%;4674.418398;9070.59
319000;512;4446.33;8291.93;86.49%;4766.190101;8291.54
320000;512;4422.31;9464.08;114.01%;4752.18827;9463.68
321000;512;4447.49;8858.61;99.18%;4764.348011;8858.21
322000;512;4453.43;8606.1;93.25%;4811.326639;8605.68
323000;512;4504.93;9150.75;103.13%;4784.477619;9150.34
324000;512;4504.2;9005.37;99.93%;4888.078152;9004.86
325000;512;4508.82;9740.01;116.02%;4803.687514;9739.45
326000;512;4483.26;8479.78;89.14%;4794.425582;8479.35
327000;512;4518.89;9476.14;109.70%;4819.271731;9475.76
328000;512;4537.57;8634.33;90.29%;4894.772496;8633.88
329000;512;4558.58;10038.9;120.22%;4911.218671;10038.4
330000;512;4590.97;10989.9;139.38%;4920.271441;10989.5
331000;512;4610.9;8620.45;86.96%;4930.163977;8619.93
332000;512;4630.77;9489.67;104.93%;4933.131833;9489.26
333000;512;4652.6;10009.4;115.14%;5040.35804;10009
334000;512;4672.11;9785.5;109.44%;5069.733036;9785
335000;512;4685.09;10467.1;123.41%;5170.44753;10466.6
336000;512;4651.21;9787.01;110.42%;5002.476218;9786.65
337000;512;4641.65;10294.2;121.78%;4983.310211;10293.8
338000;512;4685.08;8825.11;88.37%;5065.183516;8824.73
339000;512;4695.37;10192.7;117.08%;5051.713839;10192.3
340000;512;4757.57;9402.7;97.64%;5094.266546;9402.31
341000;512;4750.96;7993.06;68.24%;5058.624896;7992.52
342000;512;4751.25;10601.3;123.13%;5080.945866;10600.8
343000;512;4776.87;8881.4;85.93%;5117.482946;8880.99
344000;512;4789.69;8592.85;79.40%;5148.237569;8592.49
345000;512;4820.5;9121.5;89.22%;5092.839227;9121.11
346000;512;4792.64;8869.28;85.06%;5192.067952;8868.88
347000;512;4774.93;11893;149.07%;5216.805438;11892.5
348000;512;4851.58;9315.81;92.02%;5136.363063;9315.45
349000;512;4881.19;8944.33;83.24%;5194.581981;8943.96
350000;512;4841.87;8901.95;83.85%;5276.05267;8901.44
351000;512;4849.7;9376.78;93.35%;5221.138409;9376.39
352000;512;4903.28;9860.42;101.10%;5305.159813;9859.92
353000;512;4937.26;10591.9;114.53%;5237.838422;10591.5
354000;512;4872.98;9685.93;98.77%;5295.244354;9685.57
355000;512;4889.76;10910.1;123.12%;5334.601355;10909.8
356000;512;4925.93;9529.52;93.46%;5265.866239;9529.13
357000;512;4915.05;10152.7;106.56%;5378.355549;10152.3
358000;512;5014.27;10349.7;106.40%;5265.439245;10349.3
359000;512;4962.45;8918.58;79.72%;5380.312527;8918.09
360000;512;5047.61;9729.1;92.75%;5452.811695;9728.69
361000;512;5037.74;9824.32;95.01%;5313.382339;9823.91
362000;512;4988.62;8676.87;73.93%;5413.536531;8676.43
363000;512;5078.42;9945.45;95.84%;5422.439478;9945.06
364000;512;5049.8;12882.2;155.10%;5609.413108;12881.8
365000;512;5103.14;12758.4;150.01%;5625.080189;12758
366000;512;5110.96;9179.59;79.61%;5465.528195;9179.12
367000;512;5082.35;9268.18;82.36%;5548.897275;9267.77
368000;512;5115.43;9901.55;93.56%;5563.570344;9901.1
369000;512;5149.48;10475.5;103.43%;5489.535792;10475
370000;512;5155.52;11361.8;120.38%;5511.452145;11361.4
371000;512;5127.33;10156.2;98.08%;5699.115888;10155.7
372000;512;5174.88;9243.17;78.62%;5255.217357;9242.72
373000;512;5213.9;11219.4;115.18%;5285.094477;11218.9
374000;512;5210.39;8479.92;62.75%;5309.687783;8479.4
375000;512;5239.83;9297.97;77.45%;5412.585375;9297.52
376000;512;5178.92;8890.78;71.67%;5550.687261;8890.38
377000;512;5193.93;9187.04;76.88%;5356.200271;9186.65
378000;512;5256.77;8742.46;66.31%;5664.518765;8742
379000;512;5228.06;10365.8;98.27%;5859.904783;10365.3
380000;1024;5307.8;10374.2;95.45%;5563.965409;10373.8
381000;1024;5260.52;8881.96;68.84%;5453.970158;8881.48
382000;1024;5284.03;11095.3;109.98%;5703.086664;11094.8
383000;1024;5289.85;9526.59;80.09%;5642.829554;9526
384000;1024;5318.2;10939.6;105.70%;5686.284564;10939
385000;1024;5311.49;9432.95;77.60%;5767.118783;9432.44
386000;1024;5381.71;8700.82;61.67%;5481.025827;8700.2
387000;1024;5364.18;11433.3;113.14%;5542.173176;11432.8
388000;1024;5395.15;9906.36;83.62%;5522.060002;9905.8
389000;1024;5370.27;10690.5;99.07%;5825.916141;10690
390000;1024;5448.01;9181.39;68.53%;5845.331552;9180.91
391000;1024;5396.31;9928.09;83.98%;5821.847375;9927.6
392000;1024;5460.13;10827;98.29%;5765.929108;10826.4
393000;1024;5391.7;10867;101.55%;5783.76005;10866.5
394000;1024;5498.67;10246.3;86.34%;5783.417553;10245.8
395000;1024;5499.33;10068.7;83.09%;5888.566183;10068.2
396000;1024;5507.94;11462.2;108.10%;6021.814075;11461.7
397000;1024;5539.87;9889.18;78.51%;6061.476817;9888.69
398000;1024;5531.09;10640.9;92.38%;5904.272407;10640.4
399000;1024;5503.75;10406;89.07%;6119.726948;10405.6
400000;1024;5546.97;11742.4;111.69%;6055.715332;11741.9
401000;1024;5604.15;13579.4;142.31%;6181.566781;13578.9
402000;1024;5605.87;9700.59;73.04%;5914.320403;9700.1
403000;1024;5564.05;11043.5;98.48%;5993.697288;11043
404000;1024;5584.23;10660.5;90.90%;6204.065688;10660
405000;1024;5592.86;14007.9;150.46%;6075.795176;14007.4
406000;1024;5625.19;12871.2;128.81%;6114.250766;12870.6
407000;1024;5663.4;10193.7;79.99%;6047.523625;10193.2
408000;1024;5628.26;10861.1;92.97%;6124.788277;10860.6
409000;1024;5694.02;10796.1;89.60%;6151.030312;10795.5
410000;1024;5711.42;11835.5;107.23%;6261.779025;11835
411000;1024;5666.76;10241.2;80.72%;6122.608082;10240.6
412000;1024;5692.74;10257.8;80.19%;6169.551171;10257.4
413000;1024;5708.55;13701.6;140.02%;6313.156649;13701.1
414000;1024;5783.91;11019.4;90.52%;6197.938959;11018.9
415000;1024;5732.43;10145.4;76.98%;6184.298986;10144.9
416000;1024;5798.01;13005.3;124.31%;6413.440087;13004.7
417000;1024;5815.44;11226.1;93.04%;6216.842093;11225.6
418000;1024;5804.12;10802.6;86.12%;6336.033322;10801.7
419000;1024;5841.28;10292.4;76.20%;6409.798943;10291.9
420000;1024;5853.5;10330.9;76.49%;6312.916828;10330.3
421000;1024;5837.6;11841.2;102.84%;6434.184841;11840.8
422000;1024;5831.63;10255.2;75.85%;6279.32115;10254.7
423000;1024;5872.69;13042.4;122.09%;6289.593308;13041.9
424000;1024;5927.97;10824.6;82.60%;6385.270398;10824.1
425000;1024;5863.64;12071.6;105.87%;6278.722397;12071.1
426000;1024;5895.5;12206.4;107.05%;6432.735303;12205.9
427000;1024;5966.05;11698.5;96.08%;6471.902761;11698
428000;1024;5906.94;12162.8;105.91%;6461.073713;12162.2
429000;1024;5990.37;11852.4;97.86%;6466.178411;11852
430000;1024;6000.48;10760.8;79.33%;6428.854558;10760.3
431000;1024;5937.81;12763.7;114.96%;6391.165149;12763.2
432000;1024;5938.81;10965;84.63%;6485.031123;10964.5
433000;1024;6033.53;11184.3;85.37%;6605.592508;11183.7
434000;1024;6054.22;13549.1;123.80%;6500.778513;13548.6
435000;1024;5978.15;11183.7;87.08%;6526.729528;11183.2
436000;1024;6077.59;10841.9;78.39%;6450.908593;10841.4
437000;1024;6102.47;11388.6;86.62%;6584.374585;11388.1
438000;1024;6136.83;11466.3;86.84%;6578.41886;11465.9
439000;1024;6057.92;12905.3;113.03%;6758.966849;12904.7
440000;1024;6083.96;15367.2;152.59%;6854.248707;15366.7
441000;1024;6148.28;10694.8;73.95%;6565.386156;10694.3
442000;1024;6139.08;10957.7;78.49%;6529.678405;10957.2
443000;1024;6113.5;13785.4;125.49%;6608.922376;13784.9
444000;1024;6136.84;14570;137.42%;6508.558608;14569.4
445000;1024;6117.9;13460.9;120.02%;6272.622152;13460.4
446000;1024;6150.97;10849;76.38%;6555.203376;10848.5
447000;1024;6217.81;10727.4;72.53%;6765.201919;10726.9
448000;1024;6238.37;11337.9;81.74%;6697.23658;11337.3
449000;1024;6272.39;13801.9;120.04%;6566.455287;13801.4
450000;1024;6278.2;11350.9;80.80%;6635.738097;11350.4
451000;1024;6270.34;12256.9;95.47%;6613.357989;12256.3
452000;1024;6371.86;14978.8;135.08%;6725.650028;14978.3
453000;1024;6316.45;15117.4;139.33%;6697.695359;15116.9
454000;1024;6337.78;11507.8;81.57%;6706.536589;11507.3
455000;1024;6276.49;11208.9;78.59%;6499.504384;11208.5
456000;1024;6306.25;11250.3;78.40%;6819.571758;11249.8
457000;1024;6315.77;14839.9;134.97%;6887.305547;14839.4
458000;1024;6303.36;12010;90.53%;6822.822056;12009.5
459000;1024;6325.74;12460.6;96.98%;6941.379817;12460.1
460000;1024;6330.35;12403;95.93%;6942.762768;12402.4
461000;1024;6363.39;13647.8;114.47%;7096.484725;13647.1
462000;1024;6383.05;11426;79.01%;6977.088977;11425.5
463000;1024;6367.97;12650.6;98.66%;7032.582172;12650.1
464000;1024;6388.96;13403.8;109.80%;7228.325244;13403.3
465000;1024;6413.31;13719.9;113.93%;6868.208462;13719.2
466000;1024;6481.27;13443.4;107.42%;7181.807331;13443
467000;1024;6474.02;16109.6;148.83%;7062.340656;16109.2
468000;1024;6500.09;12433.3;91.28%;6866.998593;12432.8
469000;1024;6474.17;13699.9;111.61%;7231.234736;13699.4
470000;1024;6460.53;13875.6;114.77%;7006.856656;13875.1
471000;1024;6552.79;13398.3;104.47%;7207.02075;13397.8
472000;1024;6491.4;13840.3;113.21%;7146.108808;13839.8
473000;1024;6528.96;17993.2;175.59%;7098.919952;17992.7
474000;1024;6600.74;11258;70.56%;7027.71799;11257.4
475000;1024;6598;8586.5;30.14%;7110.150842;8586.01
476000;1024;6638.41;14053.6;111.70%;7291.596651;14053.1
477000;1024;6653.5;17126;157.40%;7306.113039;17125.5
478000;1024;6664.42;13306.7;99.67%;7314.483092;13306.2
479000;1024;6639.01;14641.6;120.54%;7462.447669;14640.8
480000;1024;6676.29;13813.2;106.90%;7065.355428;13812.7
481000;1024;6690.44;12646.7;89.03%;7272.631212;12646.2
482000;1024;6730.83;14243.4;111.61%;7137.920245;14242.9
483000;1024;6648.48;15246.6;129.32%;7111.282909;15246.1
484000;1024;6735.02;13415.7;99.19%;7301.932338;13415.1
485000;1024;6750.34;12682.2;87.87%;7224.01051;12681.7
486000;1024;6710.1;12256.4;82.66%;7423.640812;12255.9
487000;1024;6703.11;11739.3;75.13%;7321.078138;11738.8
488000;1024;6813.28;13663.4;100.54%;7237.419531;13662.8
489000;1024;6804.57;16243.8;138.72%;7299.595429;16243.3
490000;1024;6829.46;11464.8;67.87%;7376.268035;11464.3
491000;1024;6837.41;13370.3;95.55%;7377.222818;13369.8
492000;1024;6833.84;12108.9;77.19%;7304.394878;12108.4
493000;1024;6801.17;11873.9;74.59%;7386.372645;11873.4
494000;1024;6887.91;14496;110.46%;7389.494395;14495.5
495000;1024;6823.01;16158.3;136.82%;7575.911859;16157.8
496000;1024;6830.32;15432.5;125.94%;7633.738934;15431.9
497000;1024;6867.85;12267.6;78.62%;7459.98902;12267.1
498000;1024;6956.35;12703.7;82.62%;7433.059435;12703.2
499000;1024;6897.44;12703.3;84.17%;7517.742313;12702.9
500000;1024;6975.88;15117.7;116.71%;7711.103753;15117.1
501000;1024;6972.63;15307.6;119.54%;7608.497272;15307.1
502000;1024;7001.23;12459.5;77.96%;7638.103583;12459
503000;1024;6923.6;12654;82.77%;7457.029078;12653.5
504000;1024;7003.52;12235.3;74.70%;7698.508842;12234.8
505000;1024;6989.63;14925.5;113.54%;7792.174649;14925.1
506000;1024;7064.52;12174.5;72.33%;7598.735397;12174.1
507000;1024;7041.93;15295.6;117.21%;7782.053053;15295.1
508000;1024;7116.15;13000;82.68%;7548.002064;12999.5
509000;1024;7026.39;12386.6;76.29%;7676.973538;12386.1
510000;1024;7075.38;14242.4;101.30%;7723.109476;14241.8
511000;1024;7144.74;13011.6;82.11%;7648.721662;13011.1
512000;1024;7151.14;17406.2;143.40%;7746.32526;17405.7
513000;1024;7178.92;14178.2;97.50%;7768.849247;14177.7
514000;1024;7101.11;14869;109.39%;7842.041357;14868.5
515000;1024;7104.62;13902.1;95.68%;7854.244654;13901.7
516000;1024;7126.53;15900.7;123.12%;7670.909536;15900.2
517000;1024;7145.74;14348.6;100.80%;7900.128716;14348
518000;1024;7138.33;12419.3;73.98%;7783.251837;12418.8
519000;1024;7163.1;14722;105.53%;7943.92587;14721.6
520000;1024;7280.01;14817.5;103.54%;7759.417822;14816.9
521000;1024;7280.84;13278.5;82.38%;7814.294421;13277.6
522000;1024;7204.05;14287;98.32%;7926.530105;14286.5
523000;1024;7241.85;14094.3;94.62%;8014.14568;14093.9
524000;1024;7359.33;15676.6;113.02%;7928.493098;15676.2
525000;1024;7242.02;15542.7;114.62%;7860.649273;15542.3
526000;1024;7272.61;16494.6;126.80%;7961.286688;16494.1
527000;1024;7358.74;14599.2;98.39%;8070.338858;14598.6
528000;1024;7374.37;13588.2;84.26%;7851.700481;13587.7
529000;1024;7312.36;18086.6;147.34%;7851.131989;18086
530000;1024;7359.09;15599.1;111.97%;8080.020639;15598.7
531000;1024;7456.36;15931.2;113.66%;8190.406564;15930.7
532000;1024;7345.5;16780.7;128.45%;7870.412173;16780.2
533000;1024;7436.19;16699.5;124.57%;7809.135116;16699
534000;1024;7371.63;13059.7;77.16%;8079.441621;13059.2
535000;1024;7394.47;14101.8;90.71%;7932.834003;14101.2
536000;1024;7461.59;12419.1;66.44%;8028.114729;12418.6
537000;1024;7387.9;16167.6;118.84%;7694.294756;16167.1
538000;1024;7519.03;13347.6;77.52%;7949.593544;13347.1
539000;1024;7470.77;14595.6;95.37%;7992.618581;14595.1
540000;1024;7546.48;17919.3;137.45%;8025.720068;17918.8
541000;1024;7572.16;16282;115.02%;7990.547238;16281.5
542000;1024;7571.78;14464.5;91.03%;8248.373237;14464
543000;1024;7611.55;18613.5;144.54%;8262.630224;18613
544000;1024;7589.34;15869.2;109.10%;8259.197415;15868.6
545000;1024;7553.03;16532.5;118.89%;8107.470074;16532
546000;1024;7549.12;15782.2;109.06%;8074.78938;15781.6
547000;1024;7650.17;15082.9;97.16%;8527.551658;15082.4
548000;1024;7672.21;15400.7;100.73%;8087.337568;15400.2
549000;1024;7592.36;16633.9;119.09%;8303.575124;16633.5
550000;1024;7625.53;13734.1;80.11%;8140.403671;13733.6
551000;1024;7582.77;13817.8;82.23%;8113.745687;13817.3
552000;1024;7603.31;16923.9;122.59%;8290.108443;16923.4
553000;1024;7717.55;16332.8;111.63%;8200.410116;16332.3
554000;1024;7731.74;15974.9;106.61%;8217.659176;15974.4
555000;1024;7695.24;16031.8;108.33%;8539.963468;16031.3
556000;1024;7693.14;16188.3;110.43%;8316.507132;16187.8
557000;1024;7694.41;15410.1;100.28%;8362.213206;15409.7
558000;1024;7692.64;17974.8;133.66%;8357.943663;17974.4
559000;1024;7737.58;15464.2;99.86%;8354.621671;15463.6
560000;1024;7803.9;16721.9;114.28%;7974.349277;16721.5
561000;1024;7767.84;17368.6;123.60%;8447.32726;17368.1
562000;1024;7868.67;16949.6;115.41%;8492.514879;16949.1
563000;1024;7800.84;16349.6;109.59%;8303.669027;16349.1
564000;1024;7882.82;18834;138.92%;8346.047532;18833.4
565000;1024;7889.17;14912.8;89.03%;8567.8627;14912.3
566000;1024;7936.69;16927.3;113.28%;8470.500674;16926.7
567000;1024;7927.23;15277.6;92.72%;8671.194335;15277.1
568000;1024;7862.55;19113.4;143.09%;8797.346883;19113
569000;1024;7895.72;15421.4;95.31%;8165.067354;15420.8
570000;1024;7933.53;15922;100.69%;8845.813664;15921.5
571000;1024;7923.33;10519.5;32.77%;8484.027465;10518.9
572000;1024;7967.94;13927.8;74.80%;8579.981955;13927.3
573000;1024;7932.18;16110.9;103.11%;8246.720494;16110.4
574000;1024;7994.27;17048.9;113.26%;8602.333504;17048.4
575000;1024;7957.92;15657.5;96.75%;8271.327158;15657
576000;1024;8056.5;16366.6;103.15%;8952.97026;16366.1
577000;1024;8080.79;15130.2;87.24%;8445.104172;15129.7
578000;1024;8000.54;15100.4;88.74%;8316.318101;15099.9
579000;1024;8025.35;15220.8;89.66%;8980.630428;15220.3
580000;1024;7989.87;15557.2;94.71%;8399.652429;15556.7
581000;1024;8039.12;16674.1;107.41%;9064.467532;16673.6
582000;1024;8031.13;18577.4;131.32%;8721.720239;18576.9
583000;1024;8112.56;18793.2;131.66%;8740.373029;18792.6
584000;1024;8160.5;19369.5;137.36%;8988.677556;19369
585000;1024;8119.81;20839.1;156.65%;8929.174663;20838.6
586000;1024;8210.22;12324.8;50.12%;8903.167837;12324.4
587000;1024;8197.71;18000.6;119.58%;8926.399789;18000.1
588000;1024;8169.69;18004.1;120.38%;9080.294093;18003.6
589000;1024;8226.55;17297.8;110.27%;8921.15991;17297.4
590000;1024;8127.98;16960.1;108.66%;8504.185826;16959.5
591000;1024;8256.02;14779.6;79.02%;8437.303375;14779.2
592000;1024;8184.24;18908.7;131.04%;9067.180631;18908.3
593000;1024;8198;16955.3;106.82%;8970.398705;16954.8
594000;1024;8274.22;16416.6;98.41%;8575.72873;16416
595000;1024;8312.62;16799.9;102.10%;9264.43458;16799.4
596000;1024;8200.39;19812.2;141.60%;8998.008224;19811.7
597000;1024;8351.08;17917.7;114.56%;9196.180066;17917.2
598000;1024;8287.17;15233.3;83.82%;8693.479364;15232.8
599000;1024;8360.41;17747.6;112.28%;8656.89537;17747
600000;1024;8305.76;16406;97.53%;9125.763479;16405.5
601000;1024;8296.16;15448.3;86.21%;8658.795548;15447.9
602000;1024;8339.7;20863.5;150.17%;9032.065066;20863
603000;1024;8308.12;15102.4;81.78%;9319.164815;15101.5
604000;1024;8448.2;22429.4;165.49%;9451.239411;22428.9
605000;1024;8444.9;19653.4;132.73%;9023.711909;19653
606000;1024;8469.01;19235.9;127.13%;9079.445465;19235.4
607000;1024;8346.9;16684.7;99.89%;9291.726258;16684.1
608000;1024;8447.97;13879.7;64.30%;8701.506788;13879.1
609000;1024;8468.81;17768;109.81%;9011.978872;17767.5
610000;1024;8474.9;15316.8;80.73%;9027.816515;15316.3
611000;1024;8453.34;15307.7;81.08%;9149.758051;15307.2
612000;1024;8472.36;16699.4;97.10%;8726.501201;16698.9
613000;1024;8572.53;17174.4;100.34%;9233.431098;17173.9
614000;1024;8577.71;18252;112.78%;9153.433808;18251.4
615000;1024;8599.38;15928.6;85.23%;9146.594446;15928.2
616000;1024;8496.98;19256.2;126.62%;9215.171771;19255.7
617000;1024;8612.4;16137.1;87.37%;9380.943398;16136.6
618000;1024;8535.98;16996.1;99.11%;8800.127957;16995.6
619000;1024;8568.98;20196.1;135.69%;9389.240675;20195.6
620000;1024;8603.22;16586.4;92.79%;9241.28209;16586
621000;1024;8584.77;19057.4;121.99%;9373.274833;19057
622000;1024;8618.04;15082.2;75.01%;9211.0587;15081.7
623000;1024;8611.66;18589.7;115.87%;9490.963468;18589.2
624000;1024;8657.23;20064.4;131.76%;9342.025056;20063.9
625000;1024;8737.84;14608.4;67.19%;8989.943382;14607.9
626000;1024;8736.88;16965.7;94.18%;9450.521036;16965
627000;1024;8632.66;15980.2;85.11%;9423.087632;15979.8
628000;1024;8770.37;20357.9;132.12%;9424.322216;20357.4
629000;1024;8658.21;21047.1;143.09%;9323.671432;21046.5
630000;1024;8676.78;20681.5;138.35%;9639.640898;20681
631000;1024;8722.03;16589.5;90.20%;9088.117196;16589
632000;1024;8757.03;16402.3;87.30%;9300.359381;16401.8
633000;1024;8829.08;16628.4;88.34%;9474.948405;16627.9
634000;1024;8830.27;20464.6;131.76%;9481.460511;20464
635000;1024;8762.12;21911.6;150.07%;9552.01507;21911.1
636000;1024;8793.49;18674.7;112.37%;9551.456183;18674.2
637000;1024;8862.74;20544.9;131.81%;9553.100175;20544.4
638000;1024;8816.64;16290;84.76%;9587.676411;16289.6
639000;1024;8823.49;22913.6;159.69%;9577.658647;22913.1
640000;1024;8862.17;19533.4;120.41%;9748.876523;19532.9
641000;1024;8862.18;16189.1;82.68%;9588.323278;16188.6
642000;1024;8882.72;17019.4;91.60%;9165.064717;17019
643000;1024;8976.18;22732.7;153.26%;9687.858279;22732.2
644000;1024;8978.17;19347.2;115.49%;9609.066234;19346.7
645000;1024;8920.71;15981.3;79.15%;9722.250657;15980.8
646000;1024;8910.92;16918.3;89.86%;9480.62228;16917.7
647000;1024;8946.05;16578.5;85.32%;9770.559144;16578
648000;1024;8976.75;19616.7;118.53%;9692.755676;19616.3
649000;1024;8982.36;16828.6;87.35%;9342.766916;16828
650000;1024;8958.82;20275;126.31%;9712.978744;20274.5
651000;1024;9006.11;16175.7;79.61%;9284.287932;16175.3
652000;1024;9065.37;15516.3;71.16%;9734.242606;15515.8
653000;1024;9126.5;17140.5;87.81%;9624.586693;17140.1
654000;1024;9144.33;18209.7;99.14%;9664.507982;18209.2
655000;1024;9153.06;18720.2;104.52%;9745.339048;18719.6
656000;1024;9182.38;19440.9;111.72%;9855.752437;19440.4
657000;1024;9175.6;20737.7;126.01%;9763.837445;20737.3
658000;1024;9201.28;16104.9;75.03%;9878.837803;16104.5
659000;1024;9132.33;23296;155.09%;9939.069833;23295.4
660000;1024;9224.38;19792.8;114.57%;9384.591427;19792.3
661000;1024;9224.06;20982.2;127.47%;9956.591175;20981.7
662000;1024;9214.7;20235.2;119.60%;9470.910794;20234.7
663000;1024;9144.29;19211.4;110.09%;10053.26746;19210.9
664000;1024;9189.96;19664.1;113.97%;9881.566004;19663.5
665000;1024;9285.58;18872.5;103.25%;9864.613408;18872
666000;1024;9226.31;20744.7;124.84%;9861.612916;20744.2
667000;1024;9313.1;18533.5;99.00%;10048.98801;18533
668000;1024;9313.03;19245;106.65%;9987.818005;19244.4
669000;1024;9308.74;20321.7;118.31%;9901.57919;20321
670000;1024;9342.91;17510;87.41%;9935.893795;17509.5
671000;1024;9382.15;19511.9;107.97%;9945.269641;19510.9
672000;1024;9364.29;16530.9;76.53%;10036.86604;16530.3
673000;1024;9407.8;20165.2;114.35%;10136.45844;20164.7
674000;1024;9478.57;18408.5;94.21%;9662.395598;18408
675000;1024;9403.61;14072.3;49.65%;10247.92025;14071.8
676000;1024;9410.85;16380.1;74.06%;10016.06345;16379.7
677000;1024;9421.78;21840.5;131.81%;10027.64568;21840.1
678000;1024;9399.55;24169.7;157.14%;10185.50083;24169.2
679000;1024;9353.48;21770.9;132.76%;10137.10803;21770.2
680000;1024;9397.98;20605.6;119.26%;10139.79576;20605.1
681000;1024;9357.18;17796.8;90.19%;9757.803877;17796.3
682000;1024;9430.5;18377.2;94.87%;10461.03025;18376.6
683000;1024;9549.94;22214.2;132.61%;10203.18858;22213.6
684000;1024;9459.11;18695.8;97.65%;10141.21159;18695.3
685000;1024;9533.75;16809.3;76.31%;10129.78274;16808.7
686000;1024;9477.35;21630.7;128.24%;10280.10494;21630.2
687000;1024;9616.19;18398.2;91.33%;10219.56568;18397.7
688000;1024;9576.21;24062;151.27%;10360.14804;24061.5
689000;1024;9516.06;16526.2;73.67%;10276.17757;16525.7
690000;1024;9629.98;19782;105.42%;10253.1637;19781.1
691000;1024;9661.94;22419.2;132.04%;10330.89095;22418.6
692000;1024;9547.29;22362.2;134.23%;10404.25288;22361.6
693000;1024;9671.36;18630.1;92.63%;9981.170399;18629.6
694000;1024;9561.05;17979.3;88.05%;10349.59099;17978.8
695000;1024;9559.48;24261.5;153.80%;10476.22387;24260.9
696000;1024;9698.34;24827.4;156.00%;10448.59559;24826.9
697000;1024;9632.26;16740.5;73.80%;10369.67918;16740
698000;1024;9592.7;20599.9;114.75%;10415.75448;20599.4
699000;1024;9649.99;22320.3;131.30%;10512.66282;22319.8
700000;1024;9748.73;17161.3;76.04%;9996.970023;17160.9
701000;1024;9818.24;20054.4;104.26%;10187.28528;20053.9
702000;1024;9702.33;16773.9;72.89%;10032.48575;16773.4
703000;1024;9779.99;22600.7;131.09%;10581.04451;22600.1
704000;1024;9758.13;18930.4;94.00%;10439.57993;18929.9
705000;1024;9705.23;19465.5;100.57%;10455.81978;19465
706000;1024;9723.76;19321.1;98.70%;10573.39982;19320.5
707000;1024;9795.27;16408.4;67.51%;10076.58559;16407.9
708000;1024;9866.89;20166.5;104.39%;10551.59637;20166
709000;1024;9793.23;17763.5;81.39%;10095.69762;17763
710000;1024;9830.93;23598;140.04%;10688.9908;23597.5
711000;1024;9839.15;18814.5;91.22%;10727.53346;18814
712000;1024;9908.48;18647.9;88.20%;10723.05102;18647.5
713000;1024;9950.64;18831.7;89.25%;10521.7428;18831.2
714000;1024;9882.33;17681.4;78.92%;10275.09785;17680.9
715000;1024;9975.67;23057.6;131.14%;10710.38454;23057.1
716000;1024;9904.3;21068.6;112.72%;10801.06963;21068.1
717000;1024;9877.49;20804.3;110.62%;10720.22607;20803.8
718000;1024;9906.52;18490.9;86.65%;10646.19134;18490.4
719000;1024;9927.32;22601.8;127.67%;10670.48745;22601.3
720000;1024;10073.58;21246.5;110.91%;10820.86205;21245.9
721000;1024;9975.85;23563.6;136.21%;10800.28773;23563.1
722000;1024;9982.89;18711.9;87.44%;10804.87469;18711.4
723000;1024;10102.45;17920.3;77.39%;10453.81637;17919.8
724000;1024;10011.95;21131.3;111.06%;10738.40422;21130.8
725000;1024;10024.42;20323.4;102.74%;10656.25531;20323
726000;1024;10140.36;19587.3;93.16%;10703.00332;19586.7
727000;1024;10057.81;23602.4;134.67%;10771.0229;23601.9
728000;1024;10036.73;19966.4;98.93%;11251.05621;19966
729000;1024;10186.19;21274.3;108.85%;11036.24184;21273.8
730000;1024;10101.33;16649.9;64.83%;10481.76058;16649.4
731000;1024;10160.64;21730.7;113.87%;10915.89815;21730.2
732000;1024;10191.25;20925.9;105.33%;11030.04711;20925.5
733000;1024;10096.08;24154.6;139.25%;10983.54352;24154
734000;1024;10194.31;17909.9;75.69%;11016.6442;17909.4
735000;1024;10261.03;19687.1;91.86%;11135.86852;19686.6
736000;1024;10289.59;24349.7;136.64%;10885.60164;24349.1
737000;1024;10167.5;17764.8;74.72%;10489.07952;17764.3
738000;1024;10283.77;18805.6;82.87%;10712.25466;18805.1
739000;1024;10290.57;20458.6;98.81%;11015.76542;20458.1
740000;1024;10252.26;21036.4;105.19%;11155.28422;21035.8
741000;1024;10346.04;20148.1;94.74%;10993.06644;20147.7
742000;1024;10340.36;23745.3;129.64%;11109.64975;23744.7
743000;1024;10370.9;18139.5;74.91%;10613.44671;18139
744000;1024;10212;19687.2;92.78%;11067.12108;19686.6
745000;1024;10360.6;24511.2;136.58%;11061.55566;24510.6
746000;1024;10372.97;23945.7;130.85%;11208.99243;23945.2
747000;1024;10450.52;23068.6;120.74%;11215.56952;23068.2
748000;1024;10356.93;22191.1;114.26%;11312.89486;22190.6
749000;1024;10446.4;17901.2;71.36%;10693.75159;17900.6
750000;1024;10458.12;23044.5;120.35%;11355.84328;23044
751000;1024;10414.22;20751.8;99.26%;11329.87008;20751.3
752000;1024;10415.15;20443.9;96.29%;11248.35752;20443.5
753000;1024;10502.41;17833.5;69.80%;11452.47616;17832.9
754000;1024;10509.72;18289.9;74.03%;11326.67324;18289.4
755000;1024;10537.5;21436.4;103.43%;11384.48911;21435.9
756000;1024;10403.94;22466.2;115.94%;11236.94539;22465.6
757000;1024;10424.24;14420.1;38.33%;10886.90456;14419.6
758000;1024;10457.7;24027.6;129.76%;11425.56904;24027.1
759000;1024;10441.55;18659.2;78.70%;10836.05953;18658.7
760000;2048;10557.08;20958.1;98.52%;11354.97587;20957.3
761000;2048;10517.56;21337.7;102.88%;11432.29174;21336.6
762000;2048;10580.54;24437.6;130.97%;11452.33819;24436.8
763000;2048;10615.83;20357.3;91.76%;11477.97979;20356.6
764000;2048;10650.18;17950.8;68.55%;10881.63655;17950
765000;2048;10536.76;20530.2;94.84%;11359.36281;20529.3
766000;2048;10730.17;23254.7;116.72%;11500.98831;23253.6
767000;2048;10553.7;19924.3;88.79%;11365.758;19923.6
768000;2048;10551.95;19929.6;88.87%;11358.17235;19928.9
769000;2048;10619.45;19603.2;84.60%;11606.44308;19602.5
770000;2048;10678.25;21308.6;99.55%;11385.30633;21307.9
771000;2048;10738.9;19873.5;85.06%;11379.70017;19872.8
772000;2048;10791.91;20416.9;89.19%;11741.29236;20416.2
773000;2048;10783.82;22496.4;108.61%;11414.82199;22495.7
774000;2048;10988.26;24160.1;119.87%;12902.80003;24159.3
775000;2048;10679.42;18877.9;76.77%;11002.48836;18877.2
776000;2048;10794.47;18498.2;71.37%;11043.95495;18497.5
777000;2048;10824.53;26067.9;140.82%;11471.24231;26067.1
778000;2048;10860.29;19861.2;82.88%;11454.88349;19860.5
779000;2048;10728.8;21605.8;101.38%;11624.92678;21605
780000;2048;10776.42;21771.8;102.03%;11512.25619;21771
781000;2048;10798.57;21011.3;94.57%;11539.91885;21010.5
782000;2048;10894.74;20292.1;86.26%;11712.40516;20291.4
783000;2048;10784.65;13947.6;29.33%;11678.5328;13947
784000;2048;10833.2;21854.7;101.74%;11776.46202;21854
785000;2048;10851.24;20246.8;86.59%;11765.3435;20246
786000;2048;10846.35;22879.5;110.94%;11750.00453;22878.8
787000;2048;10833.9;21047.1;94.27%;11827.72636;21046.4
788000;2048;10959.1;20189.1;84.22%;11796.52414;20188.4
789000;2048;11043.92;23626.9;113.94%;11706.30021;23626.1
790000;2048;11009.23;23021.7;109.11%;11757.41537;23021
791000;2048;10912.29;27712.7;153.96%;12277.63623;27711.9
792000;2048;11090.53;20570.9;85.48%;11876.77264;20570.3
793000;2048;10962.87;18235.1;66.34%;11227.62821;18234.4
794000;2048;11070.66;21072.9;90.35%;11768.90805;21072.2
795000;2048;11073.9;21719.7;96.13%;11922.94063;21719
796000;2048;11005.39;21093.2;91.66%;11919.60239;21092.5
797000;2048;11017.11;21996.6;99.66%;11946.6051;21995.9
798000;2048;11136.45;21201.4;90.38%;12017.69533;21200.7
799000;2048;11026.58;20922.7;89.75%;11906.75542;20921.8
800000;2048;11160.16;21851.5;95.80%;11901.36661;21850.7
801000;2048;11116;20421.2;83.71%;12142.17124;20420.6
802000;2048;11143.37;21758.9;95.26%;12006.46072;21758.1
803000;2048;11096.11;21269.1;91.68%;12012.65843;21268.4
804000;2048;11204.79;22147.3;97.66%;11888.30625;22146.6
805000;2048;11128.38;21212.3;90.61%;12091.3369;21211.7
806000;2048;11060.2;22230.6;101.00%;12076.41628;22229.9
807000;2048;11260.71;22055.1;95.86%;12018.72308;22054.3
808000;2048;11292.18;21573.4;91.05%;12105.60742;21572.6
809000;2048;11162.05;21571.9;93.26%;12059.73101;21571.2
810000;2048;11277.3;21385.1;89.63%;12044.30365;21384.3
811000;2048;11272.46;20930.7;85.68%;12295.31789;20929.9
812000;2048;11306.1;20976.3;85.53%;12573.01961;20975.4
813000;2048;11324.21;25805.8;127.88%;12727.31305;25805.1
814000;2048;11370.42;27810;144.58%;12418.28564;27809.3
815000;2048;11336.98;22913.1;102.11%;12315.0531;22912.5
816000;2048;11388.67;23538.5;106.68%;12516.5607;23537.8
817000;2048;11272.3;20928.9;85.67%;12454.13335;20928.1
818000;2048;11395.09;22682.7;99.06%;12201.37853;22682
819000;2048;11333.99;21745.3;91.86%;12254.3587;21744.5
820000;2048;11329.57;24026.4;112.07%;12863.69327;24025.6
821000;2048;11472.67;21423.7;86.74%;12403.34658;21422.9
822000;2048;11357.88;21566.7;89.88%;12122.46074;21565.7
823000;2048;11476.53;20879.4;81.93%;12316.17025;20878.7
824000;2048;11395.88;21401.9;87.80%;12308.09595;21401.1
825000;2048;11400.43;21562.8;89.14%;12522.10268;21562
826000;2048;11425.69;19973.2;74.81%;12492.75688;19972.5
827000;2048;11382.17;26429.5;132.20%;12799.04753;26428.8
828000;2048;11451.97;26419.1;130.69%;12779.84499;26418.4
829000;2048;11380.4;25640.9;125.31%;12808.58011;25640.2
830000;2048;11595.75;18728.9;61.52%;12328.14381;18728.3
831000;2048;11545.68;21512.2;86.32%;12545.47569;21511.5
832000;2048;11534.58;20375.8;76.65%;12479.55142;20375.1
833000;2048;11577.15;23649.7;104.28%;12574.87571;23649
834000;2048;11585.75;25870.6;123.30%;12894.4049;25869.8
835000;2048;11550.72;20566.2;78.05%;12615.53016;20565.4
836000;2048;11539.9;26318.8;128.07%;12759.30553;26317.9
837000;2048;11662.49;25302.1;116.95%;12890.52108;25301.5
838000;2048;11546.21;25518.2;121.01%;12878.85641;25517.4
839000;2048;11714.98;26213;123.76%;12985.03936;26212.3
840000;2048;11573.71;22117.9;91.10%;12435.06119;22117.1
841000;2048;11706.02;25306.6;116.18%;13124.73184;25305.9
842000;2048;11618.17;22369.7;92.54%;12627.35645;22369.1
843000;2048;11623.06;23135.8;99.05%;12639.00099;23135
844000;2048;11654.21;24687.6;111.83%;12843.46701;24686.9
845000;2048;11675.51;24146.8;106.82%;12958.39832;24146
846000;2048;11805;23451;98.65%;12783.96169;23449.9
847000;2048;11856.75;21132.4;78.23%;12791.96121;21131.8
848000;2048;11844.12;23699.1;100.09%;12828.15529;23698.4
849000;2048;11733.37;24379.7;107.78%;12911.43792;24379
850000;2048;11698.83;22861;95.41%;12776.77494;22860.3
851000;2048;11880.99;26959.6;126.91%;13159.43924;26958.8
852000;2048;11769.32;26638.1;126.34%;13286.42246;26637.3
853000;2048;11910.44;21468.6;80.25%;13052.40752;21467.9
854000;2048;11895.21;18272.4;53.61%;12727.26115;18271.7
855000;2048;11809.68;24317.9;105.91%;13017.79639;24317.1
856000;2048;11776.45;29042.6;146.62%;12766.53358;29041.9
857000;2048;11946.9;27968.2;134.10%;13255.78884;27967.5
858000;2048;11847.22;22247.4;87.79%;12723.26736;22246.6
859000;2048;11988.67;23031.6;92.11%;12775.75355;23030.9
860000;2048;11941.26;29156.5;144.17%;13297.32254;29155.8
861000;2048;11938.74;25678.9;115.09%;13202.34369;25678.1
862000;2048;11882.6;26878.2;126.20%;13090.67755;26877.4
863000;2048;11900.35;27502.2;131.10%;13112.55822;27501.5
864000;2048;11920.34;23219.7;94.79%;13009.46276;23218.9
865000;2048;11999.18;29609.6;146.76%;12834.8128;29608.9
866000;2048;11960.04;24492.8;104.79%;13276.58348;24492.1
867000;2048;11970.22;22068;84.36%;12807.87427;22067.3
868000;2048;12189.75;23947.9;96.46%;13097.79157;23947.2
869000;2048;12129.7;22430.6;84.92%;12990.28447;22429.9
870000;2048;11974.02;26095.6;117.94%;13466.19723;26094.9
871000;2048;12010.37;30693.3;155.56%;13125.21296;30692.5
872000;2048;12143.03;22066.4;81.72%;13021.22613;22065.7
873000;2048;12161.71;15157.7;24.63%;13148.08334;15157
874000;2048;12200.86;22526.2;84.63%;13281.61214;22525.5
875000;2048;12143.96;30168.2;148.42%;13155.23772;30167.5
876000;2048;12203.29;24298.4;99.11%;13201.77006;24297.8
877000;2048;12236.08;16725.6;36.69%;13236.77601;16724.9
878000;2048;12123.15;22820.1;88.24%;13369.24353;22819.5
879000;2048;12260.12;21793.3;77.76%;13469.28446;21792.6
880000;2048;12308.12;22037.2;79.05%;13377.5334;22036.4
881000;2048;12244.41;26054.4;112.79%;13426.1689;26053.5
882000;2048;12310.52;22274.9;80.94%;13521.67675;22274.2
883000;2048;12164.24;26842;120.66%;13574.01137;26841.3
884000;2048;12347.83;26810.2;117.12%;13590.85658;26809.5
885000;2048;12309.82;21563.2;75.17%;12502.16379;21562.5
886000;2048;12212.65;25287.8;107.06%;13376.59522;25287.1
887000;2048;12222.06;29839.9;144.15%;13227.10936;29839.2
888000;2048;12422.47;29811.5;139.98%;13260.75256;29810.8
889000;2048;12256.54;23377.3;90.73%;13307.26902;23376.7
890000;2048;12266.95;27963.5;127.96%;13429.51282;27962.8
891000;2048;12415.13;22480.5;81.07%;13460.48612;22479.8
892000;2048;12409.94;26279.3;111.76%;13756.30946;26278.6
893000;2048;12482.09;31543;152.71%;13427.46891;31542.4
894000;2048;12437.38;23242.3;86.87%;13160.23539;23241.6
895000;2048;12325.1;22629.3;83.60%;13191.72688;22628.6
896000;2048;12458.83;26091.3;109.42%;13888.48575;26090.6
897000;2048;12420.18;25077.7;101.91%;13245.43094;25076.9
898000;2048;12399.76;23136.4;86.59%;13460.59903;23135.7
899000;2048;12496.02;22327.9;78.68%;13527.75029;22327.2
900000;2048;12410.84;23472.8;89.13%;13449.6317;23472.1
901000;2048;12482.46;27566.2;120.84%;13002.76166;27565.5
902000;2048;12571.35;22251.8;77.00%;13763.78659;22251.1
903000;2048;12466.71;24670.6;97.89%;13510.08543;24669.9
904000;2048;12547.45;24188.1;92.77%;13766.95348;24187.5
905000;2048;12466.82;23843.5;91.26%;13466.27355;23842.9
906000;2048;12647.2;24593.5;94.46%;13391.33495;24592.9
907000;2048;12550.33;23437.3;86.75%;13427.24674;23436.6
908000;2048;12708.95;29978.4;135.88%;13444.57093;29977.8
909000;2048;12734.47;24252.8;90.45%;13689.39724;24252.1
910000;2048;12598.23;23619.1;87.48%;13438.68668;23618.4
911000;2048;12785.73;21336.2;66.88%;13450.74511;21300
912000;2048;12571.49;29331.2;133.32%;13406.28681;29330.4
913000;2048;12687.89;23476.2;85.03%;13878.19288;23475.1
914000;2048;12790.79;31392.7;145.43%;13734.69577;31392
915000;2048;12762.3;24816.6;94.45%;13679.9783;24815.9
916000;2048;12581.6;24495.7;94.69%;13616.08446;24495
917000;2048;12859.74;24058.8;87.09%;13831.83866;24058
918000;2048;12773.23;21919.1;71.60%;14004.21164;21918.4
919000;2048;12808.46;22887.9;78.69%;13112.94563;22887.3
920000;2048;12798.01;21440.2;67.53%;13847.39079;21439.6
921000;2048;12720.83;17565.8;38.09%;14216.78107;17565.1
922000;2048;12706.44;23441.4;84.48%;13899.95622;23440.7
923000;2048;12931.39;24497.6;89.44%;13340.25837;24497
924000;2048;12860.91;24888.8;93.52%;13845.98256;24888.1
925000;2048;12643.94;23394.6;85.03%;13814.91901;23393.6
926000;2048;12771.19;22723.2;77.93%;13831.41485;22722.6
927000;2048;12757.87;22754.3;78.36%;13937.05792;22753.7
928000;2048;12914.83;24830;92.26%;13731.30913;24829.3
929000;2048;12809.52;25334.7;97.78%;13898.32338;25333.8
930000;2048;12979.18;25542.8;96.80%;13887.1493;25541.7
931000;2048;12837.29;22114.9;72.27%;13199.39834;22114.1
932000;2048;12921.06;23722.2;83.59%;14016.15886;23721.5
933000;2048;12867.55;26360.9;104.86%;14450.28814;26360.2
934000;2048;12774.88;21459.9;67.99%;13470.69478;21458.8
935000;2048;13058.67;23575.5;80.54%;14368.78389;23574.8
936000;2048;13054.28;24694.6;89.17%;14004.96539;24693.9
937000;2048;12901.12;21602.7;67.45%;13283.02745;21601.4
938000;2048;13055.69;20935.2;60.35%;13346.64355;20934.6
939000;2048;13053.95;21855.4;67.42%;13403.68357;21854.7
940000;2048;13010.46;24338.6;87.07%;14200.05474;24337.9
941000;2048;12951.73;23342.7;80.23%;14367.72656;23342.1
942000;2048;13079.5;23104.4;76.65%;14070.09082;23103.7
943000;2048;13107.14;23792.2;81.52%;14581.05194;23791.5
944000;2048;13001.43;24826;90.95%;14112.37435;24825.2
945000;2048;13029.86;21995;68.80%;14288.17804;21993.9
946000;2048;13041.92;23334.1;78.92%;14148.39203;23333.4
947000;2048;13025.65;18771.2;44.11%;14294.55622;18770.4
948000;2048;13022.11;30373.2;133.24%;14683.07296;30372.5
949000;2048;13125.04;31369.4;139.00%;14219.78285;31368.8
950000;2048;13021.54;23473.6;80.27%;14346.57351;23472.6
951000;2048;13031.6;25156.6;93.04%;14362.89184;25155.9
952000;2048;13152.4;30322.1;130.54%;14565.9586;30321.5
953000;2048;13243.31;23802.9;79.74%;14192.25603;23802.2
954000;2048;13122.19;24128.3;83.87%;14102.99974;24127.6
955000;2048;13093.69;23788.4;81.68%;14681.7917;23787.8
956000;2048;13167.13;31122.8;136.37%;14399.33557;31122.2
957000;2048;13174.48;24774.2;88.05%;14502.97828;24773.5
958000;2048;13231.4;24124.6;82.33%;14456.2531;24124
959000;2048;13297.97;24827.6;86.70%;14762.59718;24826.9
960000;2048;13280.67;24106.1;81.51%;14163.2009;24105.4
961000;2048;13205.61;28307.7;114.36%;14515.4313;28306.8
962000;2048;13276.83;26571.9;100.14%;14785.70348;26571.2
963000;2048;13253.46;28870.1;117.83%;14702.13324;28869.3
964000;2048;13305.51;29514.7;121.82%;15058.50997;29514
965000;2048;13259.23;23515.3;77.35%;14360.50195;23514.5
966000;2048;13284.47;29932.2;125.32%;14411.6348;29931.4
967000;2048;13424.21;24595.1;83.21%;14595.78249;24594.5
968000;2048;13283.16;27257.4;105.20%;14803.50401;27256.6
969000;2048;13349.16;26068.6;95.28%;14327.54938;26067.9
970000;2048;13396.34;31841.6;137.69%;14824.51713;31840.9
971000;2048;13410.29;28239.5;110.58%;14935.25796;28238.9
972000;2048;13501.85;27309.7;102.27%;14833.86703;27309
973000;2048;13519.61;24836.6;83.71%;14561.46899;24835.8
974000;2048;13435.33;33897.1;152.30%;14665.02866;33896.3
975000;2048;13443.98;25766.4;91.66%;14706.25346;25765.3
976000;2048;13471.11;30236.8;124.46%;15035.96003;30235.9
977000;2048;13615.95;33634.1;147.02%;14443.54166;33633.4
978000;2048;13642.85;23225.6;70.24%;14758.15765;23224.8
979000;2048;13430.88;23787.2;77.11%;14630.69549;23786.5
980000;2048;13539.25;31225.5;130.63%;14927.13662;31224.7
981000;2048;13599.68;23319.1;71.47%;14842.4338;23318.3
982000;2048;13580.42;26301.3;93.67%;15118.33334;26300.5
983000;2048;13647.47;34173.5;150.40%;15241.67997;34172.8
984000;2048;13540.83;30429.2;124.72%;15047.45995;30428.5
985000;2048;13651.71;33122.7;142.63%;14663.18545;33122.1
986000;2048;13725.37;30983.8;125.74%;14652.27546;30983.1
987000;2048;13746.56;24776.4;80.24%;14577.52188;24775.7
988000;2048;13660.76;32741.4;139.67%;15292.46919;32740.7
989000;2048;13601.29;34583;154.26%;15259.53935;34582.2
990000;2048;13649.32;32631.8;139.07%;14869.68793;32631.1
991000;2048;13677.23;29165.9;113.24%;15252.91991;29164.9
992000;2048;13655.13;27967.3;104.81%;15042.38798;27966.7
993000;2048;13811.09;20418.7;47.84%;15112.17839;20418
994000;2048;13875.48;26556.3;91.39%;14990.25499;26555.6
995000;2048;13773.23;17356;26.01%;15124.11283;17355.3
996000;2048;13891.46;24100.3;73.49%;15106.1022;24099.5
997000;2048;13724.16;33905;147.05%;15064.74888;33904.2
998000;2048;13873.85;29435.2;112.16%;15053.76926;29434.5
999000;2048;13849.15;32959.8;137.99%;14978.0379;32959.1
1000000;2048;13895.4;24217.1;74.28%;15447.45311;24216.5
